prime one length (bin digits), 389
prime two length (bin digits), 661
modulus - n length (bin Digits), 1049
phi(n) length (bin digits), 1049
random seed used, 665
message length (bin digits), encryption time (seconds), decryption time (seconds)
156, 0.235956, 0.40134
32, 0.232005, 0.400948
159, 0.239025, 0.400107
179, 0.23546, 0.4003
24, 0.232409, 0.39964
108, 0.233896, 0.399281
15, 0.230721, 0.400619
27, 0.231817, 0.39931
49, 0.233271, 0.402477
195, 0.279974, 0.401175
189, 0.235368, 0.40091
180, 0.235481, 0.400504
58, 0.233823, 0.39926
194, 0.235576, 0.401116
20, 0.26198, 0.399661
95, 0.23389, 0.401637
39, 0.23236, 0.40056
117, 0.23458, 0.399969
99, 0.234978, 0.4
95, 0.233937, 0.399537
161, 0.235108, 0.401572
160, 0.234982, 0.399463
116, 0.234604, 0.401035
3, 0.229286, 0.400543
131, 0.235027, 0.399826
92, 0.23378, 0.400926
86, 0.234034, 0.400055
7, 0.230435, 0.400799
39, 0.231564, 0.399328
193, 0.234949, 0.400331
108, 0.234543, 0.399722
147, 0.235609, 0.399049
66, 0.233268, 0.429038
94, 0.233483, 0.399896
100, 0.23477, 0.400485
131, 0.236403, 0.39931
60, 0.232633, 0.403666
170, 0.234763, 0.399991
40, 0.232645, 0.400873
190, 0.235617, 0.399576
65, 0.232782, 0.400051
118, 0.235088, 0.399863
160, 0.23522, 0.400008
15, 0.230366, 0.400861
58, 0.232009, 0.39935
65, 0.233823, 0.40011
182, 0.236161, 0.400427
103, 0.23445, 0.399718
172, 0.235769, 0.400466
171, 0.235306, 0.400142
33, 0.231855, 0.401233
57, 0.258299, 0.399979
120, 0.234755, 0.400875
98, 0.234249, 0.400028
107, 0.234642, 0.39922
116, 0.23482, 0.399661
42, 0.231324, 0.400224
72, 0.234715, 0.401583
138, 0.235815, 0.401645
85, 0.232851, 0.401481
26, 0.230517, 0.399706
11, 0.230624, 0.399995
99, 0.233606, 0.4011
58, 0.23229, 0.40012
78, 0.234447, 0.400374
108, 0.235159, 0.399322
42, 0.231627, 0.400199
168, 0.2352, 0.399269
166, 0.236458, 0.400116
184, 0.235183, 0.400293
139, 0.234914, 0.400275
173, 0.235692, 0.400671
182, 0.235192, 0.400545
138, 0.235615, 0.400245
21, 0.230835, 0.399089
63, 0.232566, 0.400517
48, 0.233321, 0.399504
47, 0.232666, 0.399887
186, 0.235254, 0.400784
68, 0.23246, 0.400054
199, 0.236136, 0.399662
113, 0.235476, 0.399248
16, 0.230604, 0.400486
159, 0.235192, 0.399225
13, 0.230196, 0.400336
188, 0.235632, 0.400485
11, 0.229447, 0.400332
186, 0.235832, 0.399624
94, 0.260028, 0.406241
148, 0.235331, 0.400649
81, 0.233757, 0.400573
94, 0.234501, 0.40012
51, 0.232267, 0.400113
5, 0.228494, 0.400005
52, 0.233014, 0.401273
93, 0.235219, 0.400531
72, 0.234503, 0.400429
42, 0.231986, 0.402072
83, 0.233422, 0.401446
128, 0.235256, 0.400258
70, 0.23339, 0.399047
183, 0.235848, 0.4004
25, 0.230938, 0.399306
113, 0.235251, 0.401242
146, 0.236043, 0.39942
182, 0.235045, 0.401226
164, 0.236174, 0.448642
59, 0.233739, 0.399574
20, 0.231072, 0.399379
134, 0.234783, 0.400316
72, 0.234676, 0.400416
21, 0.230438, 0.399625
193, 0.235334, 0.400916
167, 0.234786, 0.399527
42, 0.23328, 0.399668
34, 0.232052, 0.400339
65, 0.232529, 0.399987
55, 0.232184, 0.40019
134, 0.235555, 0.400056
44, 0.231919, 0.400385
193, 0.235774, 0.399604
40, 0.23156, 0.400145
129, 0.235566, 0.39937
132, 0.23522, 0.399545
98, 0.234336, 0.400024
128, 0.234798, 0.399853
167, 0.236469, 0.400562
44, 0.23308, 0.399723
113, 0.234128, 0.401342
144, 0.235013, 0.399641
70, 0.236279, 0.399708
37, 0.231222, 0.403807
53, 0.232027, 0.400777
110, 0.235373, 0.401023
25, 0.231779, 0.399333
65, 0.233111, 0.401874
84, 0.233704, 0.399986
99, 0.234414, 0.405366
134, 0.23611, 0.399098
123, 0.234485, 0.401326
118, 0.235181, 0.400701
69, 0.232962, 0.401203
64, 0.232744, 0.400484
114, 0.234525, 0.427031
176, 0.235579, 0.40026
109, 0.235026, 0.400659
182, 0.236066, 0.39895
161, 0.235439, 0.399992
179, 0.23471, 0.400073
2, 0.228485, 0.400873
163, 0.234772, 0.400039
34, 0.231375, 0.400566
122, 0.23492, 0.399831
53, 0.232409, 0.399348
84, 0.238367, 0.399029
6, 0.229656, 0.399813
136, 0.235716, 0.40079
115, 0.234155, 0.399872
28, 0.230978, 0.400969
87, 0.233433, 0.399047
183, 0.236004, 0.399507
183, 0.237098, 0.3997
67, 0.232628, 0.40036
167, 0.235509, 0.40025
10, 0.229604, 0.400187
133, 0.234997, 0.401711
83, 0.234472, 0.39917
101, 0.23368, 0.400156
4, 0.22934, 0.401458
47, 0.23265, 0.399361
122, 0.236009, 0.400294
23, 0.230825, 0.399628
31, 0.23237, 0.40149
12, 0.229611, 0.401699
3, 0.22854, 0.400726
115, 0.234806, 0.400174
190, 0.235433, 0.399981
132, 0.23572, 0.40048
157, 0.235185, 0.400363
109, 0.234346, 0.4023
75, 0.283968, 0.400249
21, 0.23042, 0.400426
66, 0.232949, 0.399179
20, 0.249051, 0.400079
18, 0.231755, 0.400027
74, 0.233234, 0.400259
33, 0.232715, 0.400968
181, 0.23454, 0.400596
11, 0.229817, 0.402951
119, 0.234432, 0.399557
68, 0.232819, 0.399364
182, 0.236183, 0.399823
180, 0.235393, 0.399309
173, 0.236129, 0.401642
187, 0.236622, 0.399896
108, 0.234756, 0.400832
21, 0.229998, 0.400309
132, 0.234627, 0.399792
63, 0.232378, 0.44064
110, 0.234509, 0.400084
171, 0.23753, 0.399759
140, 0.234514, 0.400576
72, 0.233397, 0.400977
48, 0.231494, 0.399817
70, 0.232266, 0.399358
107, 0.234373, 0.399439
80, 0.233544, 0.399184
41, 0.234316, 0.399303
58, 0.23872, 0.401005
107, 0.234721, 0.404615
37, 0.231313, 0.402282
188, 0.235401, 0.401092
57, 0.231814, 0.399425
49, 0.23257, 0.399293
99, 0.235578, 0.399028
51, 0.232745, 0.399294
31, 0.231774, 0.401195
39, 0.231394, 0.400815
8, 0.228988, 0.400844
31, 0.231394, 0.400767
61, 0.232656, 0.399297
138, 0.23615, 0.399258
134, 0.235673, 0.399443
138, 0.236738, 0.399388
120, 0.234205, 0.399435
149, 0.235629, 0.401652
60, 0.232279, 0.399516
102, 0.233766, 0.400848
15, 0.231224, 0.399195
4, 0.228616, 0.399273
174, 0.235923, 0.400937
195, 0.235543, 0.399956
192, 0.23543, 0.40096
41, 0.231999, 0.40143
144, 0.235904, 0.400555
132, 0.234876, 0.426676
59, 0.232603, 0.398914
147, 0.236119, 0.399923
135, 0.235858, 0.399141
90, 0.233618, 0.400592
85, 0.233372, 0.400043
162, 0.234813, 0.401292
48, 0.231868, 0.403069
168, 0.234785, 0.399044
182, 0.235351, 0.399058
77, 0.233715, 0.399734
63, 0.234036, 0.400077
54, 0.23338, 0.400433
67, 0.232548, 0.402809
4, 0.229074, 0.400445
161, 0.235272, 0.399849
86, 0.2331, 0.399679
134, 0.234817, 0.399304
126, 0.236628, 0.399498
58, 0.233517, 0.399402
146, 0.235303, 0.404385
97, 0.233982, 0.402233
92, 0.234131, 0.402264
168, 0.234991, 0.399235
172, 0.235035, 0.399553
71, 0.233196, 0.399126
164, 0.235994, 0.399563
46, 0.232228, 0.402133
44, 0.231703, 0.401027
163, 0.235236, 0.401582
95, 0.233333, 0.401184
179, 0.235246, 0.399815
61, 0.233259, 0.399775
174, 0.238396, 0.399519
43, 0.234064, 0.400548
192, 0.235546, 0.400475
184, 0.234966, 0.401863
93, 0.233088, 0.445048
170, 0.234983, 0.400286
61, 0.232667, 0.399622
96, 0.23408, 0.415882
153, 0.25219, 0.403568
177, 0.23829, 0.399326
13, 0.230977, 0.40209
77, 0.233826, 0.401748
142, 0.235345, 0.401642
138, 0.235457, 0.400567
93, 0.246753, 0.403176
58, 0.239505, 0.401844
196, 0.242348, 0.400843
18, 0.236534, 0.399765
193, 0.235431, 0.400168
150, 0.235139, 0.401139
97, 0.233811, 0.401574
3, 0.228257, 0.400917
175, 0.235901, 0.431478
190, 0.235029, 0.399437
53, 0.233587, 0.399859
76, 0.234628, 0.400144
25, 0.231336, 0.401374
97, 0.233908, 0.401236
60, 0.232482, 0.400769
164, 0.235013, 0.399563
72, 0.233149, 0.399649
107, 0.234682, 0.399211
72, 0.234185, 0.400321
187, 0.236472, 0.400214
60, 0.232234, 0.401376
155, 0.23529, 0.401463
92, 0.23413, 0.399922
121, 0.234407, 0.402632
197, 0.237949, 0.401399
37, 0.232405, 0.400195
122, 0.237553, 0.399501
37, 0.232413, 0.399606
85, 0.232865, 0.401273
48, 0.232183, 0.401171
126, 0.235123, 0.401077
127, 0.234736, 0.399007
123, 0.234729, 0.399461
73, 0.233786, 0.399745
33, 0.233935, 0.400211
166, 0.237143, 0.401607
1, 0.227276, 0.400937
174, 0.235072, 0.401348
183, 0.235038, 0.400423
131, 0.235006, 0.400421
191, 0.236086, 0.400503
148, 0.236196, 0.39993
105, 0.235672, 0.400803
20, 0.230443, 0.400434
71, 0.23292, 0.403112
75, 0.236366, 0.435284
44, 0.231938, 0.401282
26, 0.230384, 0.398783
31, 0.231185, 0.400397
20, 0.23367, 0.400385
63, 0.233756, 0.402478
123, 0.235392, 0.402565
130, 0.234928, 0.401987
185, 0.235511, 0.401652
1, 0.22863, 0.399779
25, 0.232384, 0.399475
62, 0.234198, 0.402322
173, 0.235805, 0.399612
97, 0.235019, 0.40188
97, 0.266816, 0.406001
199, 0.23684, 0.401352
184, 0.236625, 0.400312
5, 0.228625, 0.400343
77, 0.236379, 0.435595
51, 0.232235, 0.400872
77, 0.235636, 0.399926
76, 0.234412, 0.404242
139, 0.235902, 0.401557
132, 0.23498, 0.401614
195, 0.236242, 0.4037
3, 0.230497, 0.401879
43, 0.232947, 0.405612
18, 0.23825, 0.403638
87, 0.234816, 0.401627
123, 0.237747, 0.402041
61, 0.234086, 0.401491
62, 0.236274, 0.403946
48, 0.231896, 0.399599
25, 0.231212, 0.400023
144, 0.236256, 0.4
16, 0.232585, 0.399889
170, 0.235663, 0.400021
6, 0.229378, 0.408725
44, 0.233609, 0.410845
74, 0.236515, 0.401142
12, 0.230452, 0.40042
165, 0.237982, 0.400494
41, 0.232012, 0.399655
178, 0.237827, 0.399373
170, 0.235493, 0.399797
31, 0.231605, 0.401049
182, 0.235004, 0.399883
92, 0.233952, 0.400112
44, 0.231623, 0.400159
114, 0.233935, 0.400209
76, 0.233648, 0.399255
29, 0.23119, 0.400012
29, 0.231512, 0.401356
77, 0.233421, 0.399625
88, 0.23285, 0.400391
154, 0.235475, 0.444018
172, 0.235118, 0.399761
22, 0.230656, 0.399262
156, 0.235603, 0.401342
167, 0.236426, 0.401719
30, 0.230512, 0.401756
156, 0.235584, 0.400877
14, 0.229841, 0.404931
160, 0.235165, 0.401238
74, 0.233123, 0.403041
165, 0.234952, 0.400053
199, 0.236057, 0.400581
4, 0.228675, 0.400039
44, 0.232438, 0.404228
106, 0.234109, 0.39929
29, 0.230858, 0.400041
84, 0.2334, 0.399844
83, 0.233354, 0.400044
134, 0.236669, 0.400508
42, 0.231279, 0.399574
16, 0.232024, 0.400136
75, 0.234419, 0.399759
195, 0.234856, 0.400855
27, 0.230691, 0.399841
83, 0.23349, 0.399582
44, 0.233203, 0.403187
5, 0.228898, 0.401636
58, 0.233706, 0.399937
58, 0.232687, 0.399446
9, 0.229256, 0.401074
68, 0.232853, 0.403091
13, 0.230004, 0.400161
113, 0.235262, 0.400238
81, 0.233167, 0.399608
54, 0.232712, 0.39961
100, 0.234899, 0.400304
134, 0.235426, 0.401692
49, 0.27114, 0.401088
131, 0.234636, 0.399859
175, 0.23625, 0.402899
12, 0.229816, 0.399392
89, 0.233999, 0.399607
8, 0.229028, 0.399315
181, 0.235165, 0.399817
153, 0.235545, 0.400095
10, 0.229389, 0.400035
92, 0.235119, 0.399283
134, 0.235135, 0.399165
1, 0.227855, 0.400353
134, 0.234945, 0.399379
86, 0.234719, 0.4003
19, 0.230238, 0.398872
1, 0.226628, 0.40062
57, 0.233097, 0.399712
109, 0.234044, 0.399109
24, 0.230878, 0.399733
76, 0.233076, 0.399674
112, 0.23536, 0.399527
46, 0.232308, 0.399275
113, 0.234476, 0.400671
89, 0.233844, 0.398721
9, 0.22953, 0.399706
34, 0.231316, 0.399216
2, 0.227922, 0.401482
11, 0.230764, 0.3995
147, 0.236326, 0.39927
197, 0.2358, 0.400107
29, 0.230813, 0.399545
136, 0.234785, 0.401638
169, 0.235009, 0.399637
128, 0.234532, 0.401637
160, 0.235083, 0.399428
10, 0.229582, 0.399465
147, 0.236456, 0.401204
80, 0.232837, 0.424134
108, 0.234198, 0.399921
41, 0.231153, 0.399556
157, 0.236278, 0.399982
5, 0.230303, 0.401051
40, 0.231482, 0.399974
15, 0.231082, 0.400819
150, 0.234746, 0.399609
76, 0.232919, 0.40248
148, 0.235436, 0.399383
35, 0.231607, 0.399537
26, 0.232563, 0.402689
45, 0.231947, 0.400884
46, 0.233479, 0.400806
23, 0.230443, 0.399441
129, 0.234918, 0.400708
126, 0.234837, 0.400945
176, 0.23527, 0.40084
90, 0.234775, 0.399433
110, 0.234638, 0.398883
142, 0.235421, 0.399519
55, 0.232411, 0.399512
95, 0.233366, 0.40083
112, 0.234067, 0.39951
2, 0.227981, 0.399772
38, 0.231284, 0.4025
67, 0.235499, 0.399556
165, 0.236246, 0.400689
76, 0.235034, 0.401851
66, 0.232919, 0.399929
67, 0.232453, 0.39981
90, 0.233558, 0.401158
159, 0.235357, 0.399735
140, 0.234649, 0.399484
28, 0.231669, 0.399373
52, 0.232213, 0.402108
36, 0.232906, 0.40201
137, 0.235045, 0.435645
169, 0.235207, 0.400072
130, 0.23483, 0.400766
144, 0.23497, 0.400593
85, 0.233951, 0.399747
176, 0.235152, 0.399217
152, 0.236069, 0.402691
92, 0.233895, 0.399778
148, 0.234981, 0.402039
197, 0.235675, 0.399682
126, 0.234848, 0.399828
44, 0.232016, 0.39997
135, 0.235331, 0.399055
14, 0.230848, 0.400512
71, 0.234303, 0.399447
40, 0.233992, 0.402144
125, 0.234487, 0.399149
165, 0.234535, 0.400426
2, 0.228063, 0.399808
198, 0.235284, 0.399422
48, 0.233434, 0.399412
177, 0.235694, 0.401081
157, 0.237835, 0.400188
22, 0.230677, 0.399123
140, 0.234668, 0.400006
46, 0.231688, 0.400292
69, 0.23278, 0.401164
172, 0.235911, 0.399042
187, 0.234998, 0.399784
120, 0.235144, 0.4004
15, 0.230277, 0.399189
194, 0.235383, 0.400906
171, 0.283619, 0.400198
52, 0.232006, 0.402462
58, 0.232336, 0.399911
179, 0.234708, 0.399862
6, 0.229892, 0.400056
95, 0.234256, 0.399961
114, 0.234461, 0.399501
185, 0.235296, 0.400137
2, 0.22824, 0.401519
117, 0.234981, 0.399753
47, 0.233166, 0.399534
88, 0.234149, 0.401543
95, 0.233898, 0.403913
59, 0.233901, 0.401108
36, 0.23106, 0.399633
97, 0.235469, 0.400665
179, 0.23496, 0.400361
37, 0.231562, 0.403047
161, 0.236309, 0.420026
32, 0.231486, 0.39856
121, 0.235266, 0.399682
194, 0.23631, 0.399789
121, 0.235265, 0.401363
126, 0.236082, 0.399422
46, 0.231874, 0.402101
123, 0.234823, 0.398887
156, 0.236515, 0.399337
95, 0.234325, 0.402097
147, 0.235953, 0.399764
47, 0.232185, 0.400168
182, 0.237675, 0.399544
37, 0.23141, 0.401277
101, 0.234938, 0.399591
138, 0.236162, 0.400306
102, 0.2347, 0.402997
188, 0.234846, 0.3989
136, 0.235441, 0.399815
81, 0.233073, 0.399242
144, 0.234758, 0.400586
180, 0.23494, 0.400751
64, 0.232705, 0.400379
183, 0.235767, 0.399321
156, 0.234635, 0.399504
58, 0.233799, 0.399942
142, 0.234741, 0.399076
11, 0.229563, 0.401118
101, 0.233619, 0.399139
63, 0.233217, 0.39997
138, 0.235062, 0.399964
176, 0.234817, 0.399617
11, 0.230681, 0.399032
72, 0.233638, 0.399563
43, 0.233311, 0.40117
132, 0.234681, 0.399837
81, 0.23312, 0.402405
4, 0.228601, 0.438085
32, 0.23253, 0.39947
194, 0.235491, 0.398829
8, 0.229624, 0.398787
193, 0.235612, 0.399939
98, 0.233914, 0.399919
184, 0.234895, 0.399845
106, 0.235644, 0.401055
175, 0.235132, 0.400775
104, 0.234116, 0.400703
17, 0.23004, 0.399238
47, 0.232689, 0.401756
195, 0.235288, 0.400075
50, 0.231677, 0.400751
4, 0.228824, 0.398815
27, 0.230445, 0.399529
181, 0.235084, 0.400442
174, 0.235396, 0.399193
19, 0.231161, 0.400915
102, 0.234275, 0.399695
75, 0.235103, 0.400323
46, 0.231671, 0.3997
5, 0.228301, 0.400244
43, 0.231019, 0.399818
4, 0.22805, 0.399194
0, 1.32e-05, 2.18e-05
133, 0.235478, 0.399152
66, 0.232818, 0.399515
30, 0.232052, 0.400761
13, 0.230349, 0.399048
89, 0.233121, 0.400043
110, 0.234231, 0.400889
17, 0.230056, 0.400996
163, 0.236139, 0.399451
3, 0.229147, 0.399039
95, 0.234202, 0.400742
105, 0.233785, 0.3998
3, 0.228796, 0.401156
123, 0.234723, 0.442899
89, 0.23361, 0.400807
199, 0.235323, 0.399823
107, 0.233987, 0.399683
99, 0.235106, 0.400005
92, 0.234042, 0.399462
104, 0.234738, 0.401361
172, 0.236021, 0.399626
122, 0.234384, 0.400994
26, 0.232519, 0.399942
109, 0.236509, 0.405981
21, 0.235072, 0.407816
194, 0.238382, 0.404864
12, 0.236536, 0.406327
106, 0.234299, 0.398864
63, 0.233206, 0.40077
26, 0.230575, 0.400345
157, 0.235047, 0.399762
103, 0.234505, 0.437005
119, 0.2344, 0.453656
4, 0.235186, 0.403162
181, 0.235443, 0.40018
138, 0.235578, 0.400782
47, 0.231744, 0.399745
112, 0.234064, 0.400541
199, 0.235095, 0.400072
11, 0.229453, 0.399829
85, 0.234166, 0.400361
47, 0.233375, 0.399379
139, 0.23703, 0.400444
127, 0.23521, 0.399761
139, 0.234797, 0.401164
9, 0.229327, 0.40001
53, 0.231969, 0.399343
117, 0.234459, 0.399624
117, 0.234691, 0.398799
8, 0.22985, 0.400247
21, 0.230936, 0.39984
140, 0.234466, 0.401438
143, 0.235959, 0.400721
74, 0.232691, 0.400221
189, 0.235239, 0.399513
35, 0.231876, 0.398627
44, 0.232146, 0.399858
27, 0.231119, 0.400488
166, 0.235191, 0.40089
71, 0.232982, 0.399606
127, 0.234627, 0.399909
41, 0.231015, 0.399902
187, 0.235061, 0.400232
129, 0.234958, 0.401992
30, 0.232021, 0.399458
142, 0.236643, 0.400827
100, 0.234063, 0.399618
45, 0.231497, 0.400473
178, 0.234763, 0.444182
97, 0.233636, 0.399487
20, 0.231165, 0.399037
116, 0.234412, 0.400105
65, 0.233132, 0.400146
69, 0.232336, 0.399817
12, 0.229503, 0.401298
3, 0.227847, 0.399793
4, 0.228521, 0.401357
33, 0.231553, 0.401337
166, 0.235057, 0.39916
154, 0.235209, 0.402318
33, 0.231078, 0.399439
182, 0.235713, 0.402233
2, 0.228915, 0.399609
110, 0.234529, 0.399645
121, 0.234939, 0.399769
181, 0.23526, 0.399462
148, 0.236242, 0.400419
47, 0.233516, 0.399123
99, 0.234203, 0.400055
54, 0.233632, 0.39993
28, 0.230989, 0.399763
107, 0.23428, 0.399665
128, 0.234995, 0.399535
2, 0.22869, 0.399882
61, 0.232343, 0.400283
65, 0.233175, 0.401205
85, 0.234, 0.398951
178, 0.235021, 0.399623
15, 0.229604, 0.40131
182, 0.236994, 0.402951
189, 0.235547, 0.399502
93, 0.234456, 0.466562
198, 0.239424, 0.408889
12, 0.229709, 0.400024
148, 0.235726, 0.4014
134, 0.27309, 0.399712
168, 0.235064, 0.399931
126, 0.234896, 0.399882
109, 0.234235, 0.399048
171, 0.235163, 0.39938
178, 0.235531, 0.399184
53, 0.23362, 0.399885
28, 0.231014, 0.400146
15, 0.230447, 0.400227
188, 0.235895, 0.399875
102, 0.233925, 0.399274
148, 0.235562, 0.399952
113, 0.234159, 0.398848
88, 0.23408, 0.400636
50, 0.231656, 0.399321
27, 0.230624, 0.400046
132, 0.235124, 0.400349
79, 0.233012, 0.399672
196, 0.234696, 0.434789
169, 0.234647, 0.398889
141, 0.236057, 0.399528
156, 0.235151, 0.399718
175, 0.235461, 0.399774
85, 0.233313, 0.399772
191, 0.234827, 0.400884
135, 0.236367, 0.399221
197, 0.235397, 0.399387
80, 0.234858, 0.400076
162, 0.235823, 0.398938
139, 0.235462, 0.399477
193, 0.235132, 0.400008
0, 1.3e-05, 2.16e-05
16, 0.229811, 0.401425
145, 0.234778, 0.399456
174, 0.235529, 0.399225
182, 0.235617, 0.399201
151, 0.234732, 0.399491
163, 0.240162, 0.405954
6, 0.273653, 0.399471
96, 0.23393, 0.400843
178, 0.235265, 0.399643
41, 0.231484, 0.401352
156, 0.235205, 0.399752
47, 0.231753, 0.399458
96, 0.234298, 0.399354
104, 0.233827, 0.39979
130, 0.23522, 0.400841
146, 0.234885, 0.399818
59, 0.232647, 0.400072
14, 0.230229, 0.399362
44, 0.231504, 0.399181
2, 0.22925, 0.399708
146, 0.235545, 0.39908
135, 0.235763, 0.399483
179, 0.23504, 0.39989
149, 0.235076, 0.40086
120, 0.235035, 0.432304
187, 0.234984, 0.399479
123, 0.235951, 0.39988
99, 0.233681, 0.39913
18, 0.231332, 0.400086
101, 0.235663, 0.39918
173, 0.234979, 0.400862
99, 0.23561, 0.40053
45, 0.23352, 0.403568
166, 0.237089, 0.399979
109, 0.234071, 0.399148
135, 0.236408, 0.399838
14, 0.229669, 0.39949
72, 0.233208, 0.401513
53, 0.233881, 0.399952
148, 0.235118, 0.39907
32, 0.231234, 0.402576
51, 0.233677, 0.403506
97, 0.233726, 0.398817
163, 0.234834, 0.399254
33, 0.232032, 0.401749
180, 0.236193, 0.399142
193, 0.234796, 0.399249
34, 0.23198, 0.398958
93, 0.233501, 0.40208
113, 0.23414, 0.399177
34, 0.231359, 0.399115
68, 0.23266, 0.398566
50, 0.231568, 0.399247
174, 0.234929, 0.399094
109, 0.233262, 0.399465
45, 0.231561, 0.400084
74, 0.232798, 0.399736
179, 0.234958, 0.398631
39, 0.231873, 0.399473
15, 0.230064, 0.399295
125, 0.234561, 0.398816
124, 0.234322, 0.425403
15, 0.229451, 0.399059
80, 0.232995, 0.401896
100, 0.233751, 0.398866
135, 0.234851, 0.398729
107, 0.234176, 0.39954
33, 0.232005, 0.399438
55, 0.231756, 0.399038
73, 0.232696, 0.399263
155, 0.234883, 0.399546
176, 0.235124, 0.399242
15, 0.23034, 0.398601
82, 0.233235, 0.399296
164, 0.23466, 0.400154
151, 0.234663, 0.399345
181, 0.234885, 0.399551
148, 0.234742, 0.399126
158, 0.235009, 0.398807
11, 0.231107, 0.399547
1, 0.23008, 0.399032
40, 0.231329, 0.398613
71, 0.232799, 0.401925
150, 0.23487, 0.399477
4, 0.228257, 0.400125
2, 0.227584, 0.399218
150, 0.235786, 0.399046
157, 0.234326, 0.399742
191, 0.234903, 0.399069
136, 0.235352, 0.398935
177, 0.234556, 0.400657
11, 0.230045, 0.398989
97, 0.233515, 0.399529
198, 0.235149, 0.40207
31, 0.230718, 0.399081
188, 0.234809, 0.400053
109, 0.234166, 0.399345
173, 0.234993, 0.400826
94, 0.233997, 0.4349
19, 0.230223, 0.398712
82, 0.234649, 0.399043
55, 0.231956, 0.400135
119, 0.234889, 0.400348
156, 0.234693, 0.400111
185, 0.234593, 0.399881
84, 0.234522, 0.399097
45, 0.233446, 0.399438
19, 0.230723, 0.398837
10, 0.229916, 0.398921
89, 0.233026, 0.399215
98, 0.233596, 0.401724
83, 0.23322, 0.398718
72, 0.232624, 0.398816
108, 0.233795, 0.399331
137, 0.235124, 0.398894
88, 0.234126, 0.401797
144, 0.23481, 0.399193
129, 0.234458, 0.399296
101, 0.235084, 0.399149
190, 0.235098, 0.399059
118, 0.234088, 0.399302
168, 0.23459, 0.399613
153, 0.235091, 0.398835
183, 0.23502, 0.398589
64, 0.232714, 0.402108
197, 0.235049, 0.400079
150, 0.234789, 0.399895
121, 0.234435, 0.401874
17, 0.230248, 0.399265
86, 0.233199, 0.399188
16, 0.230157, 0.402004
189, 0.234729, 0.399369
55, 0.231929, 0.399496
185, 0.235102, 0.399164
169, 0.234896, 0.399892
185, 0.235118, 0.430831
117, 0.234227, 0.398902
27, 0.231471, 0.399014
180, 0.235017, 0.399621
159, 0.234839, 0.399574
10, 0.230379, 0.400317
34, 0.231161, 0.399662
67, 0.232248, 0.399933
172, 0.234759, 0.399267
40, 0.231374, 0.401505
180, 0.234909, 0.399184
138, 0.234642, 0.40028
34, 0.231487, 0.399479
86, 0.232932, 0.399208
117, 0.234127, 0.399549
146, 0.236143, 0.398871
158, 0.234765, 0.399188
87, 0.232988, 0.39956
101, 0.233485, 0.399636
63, 0.232569, 0.401997
51, 0.231482, 0.399159
73, 0.232644, 0.401984
144, 0.234797, 0.403886
18, 0.230433, 0.401045
93, 0.236232, 0.400095
150, 0.237155, 0.401337
28, 0.231075, 0.399604
0, 1.32e-05, 2.21e-05
55, 0.232846, 0.400166
182, 0.234592, 0.399597
183, 0.235272, 0.399498
49, 0.232217, 0.399386
38, 0.231595, 0.399145
36, 0.231241, 0.400911
126, 0.234362, 0.399247
162, 0.234666, 0.399189
179, 0.234691, 0.399388
20, 0.231459, 0.403556
135, 0.2356, 0.429499
35, 0.23113, 0.400235
85, 0.233959, 0.399148
27, 0.230768, 0.401633
168, 0.234763, 0.399352
89, 0.233561, 0.39929
60, 0.231883, 0.398851
199, 0.235021, 0.401777
109, 0.234821, 0.399068
86, 0.23416, 0.401939
167, 0.234863, 0.399296
115, 0.2357, 0.399248
142, 0.23481, 0.399645
92, 0.234272, 0.399292
80, 0.232921, 0.399104
156, 0.234737, 0.399293
47, 0.231825, 0.399417
133, 0.235136, 0.39924
3, 0.257802, 0.399994
158, 0.235033, 0.401915
71, 0.23268, 0.401265
54, 0.232823, 0.398968
146, 0.235058, 0.399951
160, 0.23497, 0.400552
153, 0.234838, 0.400432
184, 0.234771, 0.399297
107, 0.233506, 0.399281
180, 0.236609, 0.399966
118, 0.234416, 0.399037
94, 0.233621, 0.399289
104, 0.233944, 0.39948
161, 0.234981, 0.399328
120, 0.234261, 0.399709
57, 0.232401, 0.39952
78, 0.233193, 0.399018
136, 0.235144, 0.398845
104, 0.270427, 0.40143
63, 0.232204, 0.39929
87, 0.233042, 0.400025
34, 0.231855, 0.400057
2, 0.227677, 0.399184
135, 0.234859, 0.398624
1, 0.226797, 0.399556
32, 0.230475, 0.398745
20, 0.229842, 0.399179
135, 0.236754, 0.399924
20, 0.230288, 0.400641
58, 0.23247, 0.399156
194, 0.237729, 0.399109
7, 0.230842, 0.399249
96, 0.233182, 0.399209
33, 0.231102, 0.399613
37, 0.231555, 0.399898
43, 0.231844, 0.399272
141, 0.267453, 0.399467
28, 0.23033, 0.399429
79, 0.233033, 0.399253
148, 0.236336, 0.399562
105, 0.234091, 0.400174
143, 0.235278, 0.400757
17, 0.231873, 0.399951
168, 0.235392, 0.39937
109, 0.233948, 0.399449
39, 0.231736, 0.399574
174, 0.236645, 0.399219
38, 0.23084, 0.399712
56, 0.231987, 0.398672
88, 0.2334, 0.399073
101, 0.233743, 0.399126
11, 0.229291, 0.42548
50, 0.241302, 0.404083
191, 0.23557, 0.402152
138, 0.234939, 0.430821
95, 0.23318, 0.400432
26, 0.232451, 0.401798
56, 0.232382, 0.398642
142, 0.234418, 0.399351
40, 0.233529, 0.400284
138, 0.236361, 0.399596
9, 0.229525, 0.399976
162, 0.234866, 0.399419
166, 0.234909, 0.400533
5, 0.228544, 0.400339
85, 0.233426, 0.39957
96, 0.233195, 0.399236
174, 0.236337, 0.398926
136, 0.235048, 0.398525
115, 0.233869, 0.399458
66, 0.232766, 0.399064
168, 0.234965, 0.398897
54, 0.231867, 0.420616
196, 0.235165, 0.399652
193, 0.234833, 0.398589
88, 0.233446, 0.399124
18, 0.230076, 0.400546
176, 0.23518, 0.3992
128, 0.234742, 0.400492
64, 0.232464, 0.399038
9, 0.229112, 0.400034
49, 0.231601, 0.399146
54, 0.232313, 0.399847
132, 0.234914, 0.39964
37, 0.231437, 0.399504
191, 0.234838, 0.399029
47, 0.232198, 0.398952
117, 0.23437, 0.401721
196, 0.235659, 0.399666
154, 0.234849, 0.399516
67, 0.232604, 0.454889
40, 0.23106, 0.400171
47, 0.23153, 0.39904
91, 0.233435, 0.399003
38, 0.230954, 0.398995
28, 0.232583, 0.399062
11, 0.229515, 0.399893
12, 0.230674, 0.39894
71, 0.232458, 0.400329
143, 0.234624, 0.398706
75, 0.234113, 0.399124
27, 0.231447, 0.398889
33, 0.231006, 0.402319
17, 0.230427, 0.399386
36, 0.230978, 0.399431
99, 0.233913, 0.399527
29, 0.231346, 0.399167
47, 0.231784, 0.399463
72, 0.234075, 0.39946
11, 0.239848, 0.399584
30, 0.230986, 0.398962
9, 0.229694, 0.399759
75, 0.234293, 0.401246
77, 0.233239, 0.39919
43, 0.2319, 0.400215
117, 0.235178, 0.399358
153, 0.235685, 0.399514
32, 0.235026, 0.418783
72, 0.237121, 0.412115
34, 0.231427, 0.399953
78, 0.233591, 0.399684
39, 0.231198, 0.400112
38, 0.231273, 0.399892
149, 0.235136, 0.39961
84, 0.233151, 0.399035
168, 0.235621, 0.401867
198, 0.23517, 0.399391
152, 0.23502, 0.399799
145, 0.235089, 0.399284
157, 0.235395, 0.398919
66, 0.232797, 0.39952
126, 0.234736, 0.399348
23, 0.230705, 0.399361
94, 0.233011, 0.39947
149, 0.234996, 0.399368
88, 0.233333, 0.39957
74, 0.232835, 0.399312
125, 0.234693, 0.398948
157, 0.234329, 0.399657
116, 0.234063, 0.399274
29, 0.232334, 0.399953
33, 0.231123, 0.399707
112, 0.233932, 0.401705
24, 0.229905, 0.399139
46, 0.231453, 0.399531
139, 0.235571, 0.399252
100, 0.233728, 0.399439
131, 0.235071, 0.401131
85, 0.23325, 0.3995
68, 0.233047, 0.39937
142, 0.236188, 0.399589
29, 0.232833, 0.399268
192, 0.234905, 0.399362
46, 0.231514, 0.39867
180, 0.235088, 0.399706
33, 0.231957, 0.399469
98, 0.233664, 0.399314
86, 0.233209, 0.399144
99, 0.233521, 0.399219
18, 0.23086, 0.399005
120, 0.234512, 0.399583
16, 0.230097, 0.399409
138, 0.235263, 0.399897
84, 0.232732, 0.432227
155, 0.234743, 0.399368
123, 0.234268, 0.399143
132, 0.23555, 0.399279
190, 0.235236, 0.398915
49, 0.231891, 0.402115
65, 0.232621, 0.399875
66, 0.232384, 0.399104
151, 0.234616, 0.398686
131, 0.234728, 0.398608
80, 0.232939, 0.399121
191, 0.236418, 0.402158
182, 0.236486, 0.399514
192, 0.23477, 0.399213
156, 0.235071, 0.399488
170, 0.235344, 0.399286
160, 0.235588, 0.401039
1, 0.22733, 0.399169
98, 0.234893, 0.439293
199, 0.23535, 0.39929
69, 0.232718, 0.399445
107, 0.233921, 0.402144
55, 0.231687, 0.399065
71, 0.232752, 0.39993
140, 0.234813, 0.400025
120, 0.234222, 0.399485
143, 0.234795, 0.398924
180, 0.234768, 0.40172
123, 0.234159, 0.401646
134, 0.234819, 0.399592
134, 0.234735, 0.399489
21, 0.230725, 0.398977
127, 0.235126, 0.4002
103, 0.233502, 0.400424
42, 0.231115, 0.399313
88, 0.233552, 0.399406
82, 0.233058, 0.441165
15, 0.230427, 0.399388
127, 0.234532, 0.399054
19, 0.230804, 0.399549
160, 0.234785, 0.402459
169, 0.235072, 0.400106
74, 0.232714, 0.399
130, 0.234976, 0.399157
169, 0.235254, 0.399085
3, 0.228322, 0.399743
199, 0.235771, 0.399121
116, 0.234399, 0.399293
75, 0.233425, 0.399544
157, 0.235404, 0.399152
75, 0.232542, 0.399296
141, 0.234663, 0.399189
5, 0.229197, 0.398877
6, 0.228814, 0.399117
66, 0.232182, 0.427526
166, 0.235091, 0.399973
132, 0.235072, 0.400113
135, 0.235275, 0.399347
18, 0.229875, 0.399213
65, 0.233039, 0.399474
145, 0.234953, 0.399681
101, 0.23349, 0.399827
6, 0.228583, 0.399026
173, 0.234826, 0.398989
17, 0.230192, 0.39971
11, 0.22942, 0.399485
60, 0.232306, 0.399107
168, 0.235084, 0.400031
37, 0.231118, 0.399484
54, 0.232146, 0.39904
167, 0.235109, 0.399653
168, 0.234799, 0.398953
32, 0.231389, 0.399615
152, 0.26546, 0.399008
54, 0.232431, 0.400339
113, 0.233924, 0.400834
59, 0.232217, 0.399236
118, 0.233868, 0.399012
19, 0.230494, 0.399285
18, 0.231217, 0.39884
60, 0.232787, 0.399507
58, 0.232421, 0.399309
166, 0.235232, 0.399561
176, 0.234929, 0.399882
2, 0.227966, 0.399288
57, 0.232218, 0.399541
63, 0.23248, 0.399236
177, 0.235911, 0.4035
59, 0.232071, 0.399491
141, 0.234628, 0.399898
175, 0.234921, 0.398856
162, 0.235857, 0.399413
14, 0.229838, 0.399318
20, 0.230719, 0.398936
176, 0.23491, 0.399464
34, 0.230758, 0.401802
98, 0.23339, 0.400092
8, 0.229306, 0.399689
136, 0.234719, 0.399183
140, 0.234971, 0.399624
181, 0.234897, 0.400234
157, 0.235122, 0.399445
194, 0.235393, 0.400005
81, 0.232888, 0.399407
