message length (char), 200
random seed used, 665
prime one length (bin digits), prime two length (bin digits), modulus - n length (bin Digits, phi(n) length (bin digits), encryption time (seconds), decryption time (seconds)
389, 661, 1049, 1049,0.235463, 0.398924
565, 482, 1046, 1046,0.339372, 0.290811
650, 434, 1083, 1083,0.413748, 0.280371
513, 529, 1041, 1041,0.302129, 0.312386
556, 447, 1002, 1002,0.308701, 0.245826
591, 337, 927, 927,0.276257, 0.159049
579, 407, 985, 985,0.311223, 0.217164
476, 347, 822, 822,0.180539, 0.132851
442, 621, 1062, 1062,0.276371, 0.384234
397, 450, 846, 846,0.156483, 0.178936
415, 419, 833, 833,0.157603, 0.158641
391, 568, 958, 958,0.198176, 0.283374
344, 369, 712, 712,0.100381, 0.106571
466, 636, 1101, 1101,0.308086, 0.417405
604, 445, 1048, 1048,0.361452, 0.268462
472, 381, 852, 852,0.19302, 0.156405
413, 642, 1054, 1054,0.25063, 0.384473
334, 636, 969, 969,0.175479, 0.329287
459, 498, 956, 956,0.22924, 0.249645
395, 598, 992, 992,0.212937, 0.320215
662, 595, 1256, 1256,0.587562, 0.510404
586, 650, 1235, 1235,0.51274, 0.598111
447, 495, 941, 941,0.219627, 0.243863
404, 397, 800, 800,0.14254, 0.142162
387, 363, 749, 749,0.121403, 0.115563
494, 399, 892, 892,0.220188, 0.177981
476, 406, 881, 881,0.276203, 0.215419
624, 417, 1040, 1040,0.374185, 0.250784
427, 397, 823, 823,0.168249, 0.15259
617, 462, 1078, 1078,0.413158, 0.301929
369, 389, 757, 757,0.121897, 0.133984
363, 439, 801, 801,0.130935, 0.156311
598, 534, 1131, 1131,0.422209, 0.375751
365, 465, 829, 829,0.148415, 0.215304
536, 570, 1105, 1105,0.360656, 0.382595
576, 651, 1226, 1226,0.474373, 0.537897
649, 495, 1143, 1143,0.466749, 0.353704
498, 427, 924, 924,0.23275, 0.200643
448, 485, 932, 932,0.261053, 0.253196
521, 447, 967, 967,0.271789, 0.233605
401, 385, 785, 785,0.13876, 0.131775
610, 529, 1138, 1138,0.429055, 0.370861
666, 473, 1138, 1138,0.469644, 0.335084
518, 490, 1007, 1007,0.286894, 0.271902
661, 553, 1213, 1213,0.528375, 0.440478
537, 385, 921, 921,0.252663, 0.179749
536, 533, 1068, 1068,0.333684, 0.331553
523, 509, 1031, 1031,0.30544, 0.298036
361, 472, 832, 832,0.138444, 0.18137
425, 599, 1023, 1023,0.24152, 0.341241
466, 560, 1025, 1025,0.277029, 0.328127
351, 551, 901, 901,0.162873, 0.254814
603, 449, 1051, 1051,0.361719, 0.270374
368, 382, 749, 749,0.117139, 0.121671
586, 658, 1243, 1243,0.51956, 0.558477
651, 395, 1045, 1045,0.391726, 0.237374
657, 637, 1293, 1293,0.594183, 0.572628
351, 418, 768, 768,0.11717, 0.137687
438, 598, 1035, 1035,0.260749, 0.350947
374, 397, 770, 770,0.124382, 0.131289
568, 401, 968, 968,0.29471, 0.209738
397, 642, 1038, 1038,0.236072, 0.378196
387, 598, 984, 984,0.20816, 0.317556
556, 495, 1050, 1050,0.447418, 0.407575
362, 640, 1001, 1001,0.20413, 0.383435
664, 653, 1316, 1316,0.64608, 0.629474
344, 416, 759, 759,0.114288, 0.136615
426, 339, 764, 764,0.139389, 0.111059
394, 517, 910, 910,0.180573, 0.235276
366, 348, 713, 713,0.107487, 0.101489
350, 381, 730, 730,0.10572, 0.115893
591, 543, 1133, 1133,0.412627, 0.378678
482, 510, 991, 991,0.260415, 0.275921
417, 628, 1044, 1044,0.251212, 0.375722
403, 624, 1026, 1026,0.233698, 0.357854
504, 548, 1051, 1051,0.302067, 0.328472
647, 651, 1297, 1297,0.582312, 0.578736
384, 436, 819, 819,0.145793, 0.16307
525, 452, 976, 976,0.276187, 0.235818
476, 587, 1062, 1062,0.294136, 0.36187
636, 616, 1251, 1251,0.536247, 0.522551
558, 650, 1207, 1207,0.442352, 0.513448
447, 395, 841, 841,0.176097, 0.157585
617, 411, 1027, 1027,0.356866, 0.238591
436, 642, 1077, 1077,0.276521, 0.41248
521, 570, 1090, 1090,0.345483, 0.379476
337, 417, 753, 753,0.10886, 0.133737
466, 599, 1064, 1064,0.291702, 0.374462
559, 443, 1001, 1001,0.309996, 0.246896
577, 448, 1024, 1024,0.328765, 0.255871
342, 411, 752, 752,0.109415, 0.133195
526, 506, 1031, 1031,0.307583, 0.298347
369, 572, 940, 940,0.178906, 0.277253
647, 557, 1203, 1203,0.511382, 0.439603
488, 615, 1102, 1102,0.324304, 0.403253
352, 654, 1005, 1005,0.196389, 0.361313
610, 597, 1206, 1206,0.483893, 0.469955
535, 448, 982, 982,0.288244, 0.238762
463, 584, 1046, 1046,0.280719, 0.353499
575, 466, 1040, 1040,0.340073, 0.275873
458, 370, 827, 827,0.173765, 0.14092
373, 658, 1030, 1030,0.221516, 0.389363
574, 645, 1218, 1218,0.457282, 0.515876
570, 626, 1195, 1195,0.43882, 0.48343
607, 382, 988, 988,0.325073, 0.205545
654, 593, 1246, 1246,0.545216, 0.49372
373, 351, 723, 723,0.111078, 0.106439
521, 396, 916, 916,0.244043, 0.186116
472, 371, 842, 842,0.188986, 0.146785
620, 518, 1137, 1137,0.431737, 0.364867
606, 653, 1258, 1258,0.51631, 0.559885
582, 452, 1033, 1033,0.343461, 0.269582
577, 402, 978, 978,0.304736, 0.213373
534, 399, 932, 932,0.25867, 0.194614
623, 539, 1161, 1161,0.454772, 0.393534
397, 342, 738, 738,0.12224, 0.105104
411, 388, 798, 798,0.144625, 0.138411
451, 386, 836, 836,0.177042, 0.151722
422, 406, 827, 827,0.161616, 0.156572
347, 370, 716, 716,0.101166, 0.107967
336, 348, 683, 683,0.0911329, 0.0939465
545, 562, 1106, 1106,0.365671, 0.380951
436, 495, 930, 930,0.207629, 0.237499
446, 502, 947, 947,0.225248, 0.252226
554, 484, 1037, 1037,0.40572, 0.286673
481, 450, 930, 930,0.234853, 0.215797
653, 427, 1079, 1079,0.421211, 0.273242
482, 488, 969, 969,0.251505, 0.253911
360, 537, 896, 896,0.158513, 0.23478
432, 551, 982, 982,0.230622, 0.296222
570, 488, 1057, 1057,0.343754, 0.334611
583, 534, 1116, 1116,0.394971, 0.361318
531, 466, 996, 996,0.334209, 0.260617
374, 467, 840, 840,0.153382, 0.185427
422, 477, 898, 898,0.202657, 0.214978
606, 364, 969, 969,0.338849, 0.192163
371, 541, 911, 911,0.17053, 0.246282
468, 416, 883, 883,0.252889, 0.196516
434, 382, 815, 815,0.164457, 0.143453
469, 380, 848, 848,0.186731, 0.15342
569, 425, 993, 993,0.363494, 0.232596
338, 658, 995, 995,0.187942, 0.364078
402, 654, 1055, 1055,0.245168, 0.431043
388, 386, 773, 773,0.134251, 0.134051
660, 642, 1301, 1301,0.633835, 0.583203
606, 653, 1258, 1258,0.517258, 0.610342
540, 352, 891, 891,0.243957, 0.159806
343, 658, 1000, 1000,0.194627, 0.362041
337, 623, 959, 959,0.181265, 0.312812
462, 642, 1103, 1103,0.422205, 0.448134
425, 447, 871, 871,0.181165, 0.19008
401, 417, 817, 817,0.150053, 0.154076
430, 512, 941, 941,0.215849, 0.260974
506, 384, 889, 889,0.221866, 0.169149
334, 386, 719, 719,0.0998163, 0.112609
395, 569, 963, 963,0.205926, 0.292159
417, 480, 896, 896,0.184297, 0.210847
625, 577, 1201, 1201,0.484034, 0.445459
421, 565, 985, 985,0.228163, 0.302403
413, 337, 749, 749,0.131043, 0.107996
506, 665, 1170, 1170,0.376677, 0.496152
517, 419, 935, 935,0.248505, 0.203572
377, 396, 772, 772,0.127737, 0.13483
369, 478, 846, 846,0.147178, 0.19012
429, 533, 961, 961,0.22037, 0.269671
516, 633, 1148, 1148,0.368047, 0.449603
334, 467, 800, 800,0.120822, 0.164392
584, 422, 1005, 1005,0.322226, 0.23429
386, 413, 798, 798,0.137964, 0.147025
548, 417, 964, 964,0.279867, 0.213878
589, 623, 1211, 1211,0.466493, 0.491913
556, 612, 1167, 1167,0.407346, 0.44806
439, 514, 952, 952,0.220388, 0.256747
451, 449, 899, 899,0.201649, 0.19915
446, 403, 848, 848,0.17672, 0.161349
636, 548, 1183, 1183,0.477098, 0.410683
419, 449, 867, 867,0.175032, 0.186663
490, 495, 984, 984,0.262555, 0.264959
414, 506, 919, 919,0.195105, 0.237789
501, 436, 936, 936,0.242042, 0.211301
336, 484, 819, 819,0.127353, 0.180693
438, 603, 1040, 1040,0.257473, 0.352697
632, 387, 1018, 1018,0.356167, 0.218219
511, 454, 964, 964,0.263628, 0.235223
448, 605, 1052, 1052,0.269501, 0.36461
421, 619, 1039, 1039,0.246539, 0.360197
388, 607, 994, 994,0.212369, 0.327365
371, 340, 710, 710,0.1087, 0.0980946
653, 447, 1099, 1099,0.428989, 0.299148
381, 633, 1013, 1013,0.219329, 0.360519
396, 519, 914, 914,0.18465, 0.239429
446, 428, 873, 873,0.188799, 0.181058
577, 574, 1150, 1150,0.410999, 0.407422
494, 388, 881, 881,0.211961, 0.167323
658, 546, 1203, 1203,0.519029, 0.427173
454, 371, 824, 824,0.174154, 0.142936
613, 466, 1078, 1078,0.38984, 0.297184
364, 395, 758, 758,0.117805, 0.128349
613, 623, 1235, 1235,0.504198, 0.511191
421, 377, 797, 797,0.149667, 0.134524
572, 402, 973, 973,0.297918, 0.210334
488, 543, 1030, 1030,0.284845, 0.317556
537, 395, 931, 931,0.258298, 0.190681
447, 413, 859, 859,0.181772, 0.168193
342, 533, 874, 874,0.145749, 0.226989
569, 656, 1224, 1224,0.466738, 0.52896
506, 506, 1011, 1011,0.285058, 0.285271
397, 466, 862, 862,0.164695, 0.191137
592, 576, 1167, 1167,0.433431, 0.420801
383, 466, 848, 848,0.153276, 0.185835
599, 554, 1152, 1152,0.428808, 0.397583
491, 352, 842, 842,0.193656, 0.139879
340, 603, 942, 942,0.167436, 0.293957
604, 454, 1057, 1057,0.363488, 0.275206
458, 500, 957, 957,0.228266, 0.249281
462, 647, 1108, 1108,0.309513, 0.433746
599, 473, 1071, 1071,0.374839, 0.296744
409, 506, 914, 914,0.189207, 0.230539
456, 633, 1088, 1088,0.292762, 0.409866
434, 378, 811, 811,0.161757, 0.140408
647, 411, 1057, 1057,0.392309, 0.251212
337, 464, 800, 800,0.119563, 0.164134
496, 486, 981, 981,0.266122, 0.260026
337, 615, 951, 951,0.168339, 0.306622
482, 558, 1039, 1039,0.284024, 0.327053
409, 339, 747, 747,0.12967, 0.106757
442, 620, 1061, 1061,0.277356, 0.38419
472, 628, 1099, 1099,0.313881, 0.414929
606, 352, 957, 957,0.306071, 0.177195
367, 589, 955, 955,0.185599, 0.293988
513, 419, 931, 931,0.245214, 0.201224
359, 584, 942, 942,0.17547, 0.28437
452, 511, 962, 962,0.230179, 0.258975
451, 446, 896, 896,0.197711, 0.19406
484, 337, 820, 820,0.184108, 0.128088
439, 515, 953, 953,0.219794, 0.258106
482, 403, 884, 884,0.21101, 0.176979
519, 478, 996, 996,0.284769, 0.264296
490, 387, 876, 876,0.208485, 0.165093
545, 465, 1009, 1009,0.302364, 0.259313
481, 454, 934, 934,0.232905, 0.220162
388, 464, 851, 851,0.157426, 0.189073
391, 572, 962, 962,0.201533, 0.290895
500, 613, 1112, 1112,0.337442, 0.412523
375, 413, 787, 787,0.132532, 0.145806
514, 622, 1135, 1135,0.358827, 0.433774
431, 344, 774, 774,0.14672, 0.118299
589, 397, 985, 985,0.315043, 0.211135
450, 495, 944, 944,0.219832, 0.241375
360, 343, 702, 702,0.100602, 0.0959599
524, 560, 1083, 1083,0.335017, 0.357847
419, 421, 839, 839,0.164242, 0.164543
505, 453, 957, 957,0.25379, 0.226652
434, 569, 1002, 1002,0.24007, 0.316412
407, 493, 899, 899,0.184164, 0.222382
617, 461, 1077, 1077,0.390694, 0.296987
537, 521, 1057, 1057,0.325335, 0.316575
371, 641, 1011, 1011,0.211524, 0.362431
592, 443, 1034, 1034,0.350495, 0.258746
386, 396, 781, 781,0.1316, 0.134756
359, 381, 739, 739,0.11147, 0.119158
479, 589, 1067, 1067,0.296761, 0.366001
528, 617, 1144, 1144,0.374949, 0.435628
495, 433, 927, 927,0.232189, 0.20245
654, 538, 1191, 1191,0.50276, 0.411947
441, 387, 827, 827,0.168198, 0.14699
471, 344, 814, 814,0.174557, 0.127989
482, 467, 948, 948,0.248733, 0.230958
351, 421, 771, 771,0.119584, 0.142293
652, 370, 1021, 1021,0.369644, 0.21115
493, 351, 843, 843,0.194818, 0.140013
387, 391, 777, 777,0.131128, 0.133945
483, 658, 1140, 1140,0.341921, 0.464378
472, 425, 896, 896,0.20803, 0.186785
520, 589, 1108, 1108,0.349689, 0.395951
396, 495, 890, 890,0.175085, 0.217593
371, 370, 740, 740,0.116477, 0.115742
587, 417, 1003, 1003,0.322336, 0.229948
401, 654, 1054, 1054,0.24559, 0.396408
523, 432, 954, 954,0.261534, 0.217354
539, 469, 1007, 1007,0.298418, 0.259875
416, 577, 992, 992,0.225854, 0.308559
599, 600, 1198, 1198,0.464376, 0.46385
389, 362, 750, 750,0.122924, 0.115911
363, 469, 831, 831,0.139526, 0.178552
593, 472, 1064, 1064,0.368453, 0.294852
533, 502, 1034, 1034,0.315182, 0.295179
554, 519, 1072, 1072,0.346228, 0.32328
520, 513, 1032, 1032,0.304289, 0.299712
568, 565, 1132, 1132,0.393065, 0.392395
469, 653, 1121, 1121,0.31875, 0.440731
428, 521, 948, 948,0.214785, 0.260686
576, 527, 1102, 1102,0.380784, 0.350825
389, 471, 859, 859,0.158816, 0.192775
559, 455, 1013, 1013,0.317252, 0.257991
514, 424, 937, 937,0.247599, 0.205578
467, 642, 1108, 1108,0.314666, 0.433649
497, 370, 866, 866,0.20625, 0.153813
432, 436, 867, 867,0.180084, 0.18073
565, 589, 1153, 1153,0.402529, 0.420141
484, 556, 1039, 1039,0.287268, 0.330182
497, 623, 1119, 1119,0.33798, 0.422578
403, 602, 1004, 1004,0.225016, 0.331268
589, 384, 972, 972,0.306141, 0.200499
509, 450, 958, 958,0.254435, 0.224443
519, 437, 955, 955,0.259444, 0.216676
484, 536, 1019, 1019,0.274179, 0.305305
578, 642, 1219, 1219,0.464821, 0.516987
544, 578, 1121, 1121,0.364954, 0.388908
362, 396, 757, 757,0.119297, 0.130292
466, 472, 937, 937,0.226205, 0.2288
573, 384, 956, 956,0.288167, 0.193754
447, 556, 1002, 1002,0.250285, 0.309136
554, 388, 941, 941,0.27084, 0.190654
385, 500, 884, 884,0.167819, 0.216996
471, 613, 1083, 1083,0.302271, 0.391211
344, 444, 787, 787,0.122463, 0.15502
344, 651, 994, 994,0.185752, 0.348143
334, 662, 995, 995,0.183328, 0.357861
350, 462, 811, 811,0.129449, 0.169698
386, 510, 895, 895,0.171248, 0.224642
360, 599, 958, 958,0.182559, 0.30058
600, 391, 990, 990,0.322075, 0.211473
492, 344, 835, 835,0.1923, 0.135352
372, 413, 784, 784,0.127485, 0.143456
582, 557, 1138, 1138,0.40834, 0.39007
419, 666, 1084, 1084,0.268712, 0.426165
547, 415, 961, 961,0.274425, 0.20887
361, 500, 860, 860,0.148768, 0.204691
433, 419, 851, 851,0.174545, 0.170184
514, 450, 963, 963,0.263414, 0.23077
589, 339, 927, 927,0.2761, 0.159048
502, 636, 1137, 1137,0.351184, 0.442228
624, 543, 1166, 1166,0.458757, 0.398391
634, 394, 1027, 1027,0.367833, 0.229819
649, 516, 1164, 1164,0.474803, 0.378707
629, 576, 1204, 1204,0.492079, 0.45198
379, 658, 1036, 1036,0.223388, 0.385096
554, 344, 897, 897,0.243607, 0.152251
666, 627, 1292, 1292,0.596768, 0.560816
473, 617, 1089, 1089,0.301989, 0.39065
448, 483, 930, 930,0.211694, 0.227974
371, 335, 705, 705,0.105144, 0.0942531
539, 337, 875, 875,0.227414, 0.143457
603, 500, 1102, 1102,0.398888, 0.329766
505, 369, 873, 873,0.213608, 0.158495
645, 339, 983, 983,0.341792, 0.180197
394, 425, 818, 818,0.148461, 0.160546
649, 662, 1310, 1310,0.590784, 0.602112
595, 653, 1247, 1247,0.494244, 0.545007
443, 340, 782, 782,0.151236, 0.117368
493, 450, 942, 942,0.240636, 0.219396
482, 556, 1037, 1037,0.282256, 0.328483
343, 626, 968, 968,0.179563, 0.323032
478, 497, 974, 974,0.250537, 0.258662
469, 560, 1028, 1028,0.274629, 0.327402
363, 467, 829, 829,0.139375, 0.177278
383, 384, 766, 766,0.125873, 0.12733
471, 339, 809, 809,0.173642, 0.123535
381, 461, 841, 841,0.152356, 0.181815
610, 339, 948, 948,0.302972, 0.167726
372, 335, 706, 706,0.10608, 0.09694
583, 434, 1016, 1016,0.33295, 0.246933
425, 493, 917, 917,0.198163, 0.230587
565, 359, 923, 923,0.265842, 0.169167
636, 442, 1077, 1077,0.40566, 0.282267
366, 434, 799, 799,0.129851, 0.154995
486, 385, 870, 870,0.206176, 0.161887
427, 666, 1092, 1092,0.282846, 0.436055
399, 346, 744, 744,0.127262, 0.110557
494, 548, 1041, 1041,0.293862, 0.324203
545, 506, 1050, 1050,0.329019, 0.305001
458, 350, 807, 807,0.167865, 0.128612
338, 569, 906, 906,0.15302, 0.257551
438, 658, 1095, 1095,0.288285, 0.429812
537, 504, 1040, 1040,0.316226, 0.295518
390, 417, 806, 806,0.14297, 0.152594
578, 494, 1071, 1071,0.360751, 0.310885
626, 612, 1237, 1237,0.517606, 0.503706
574, 658, 1231, 1231,0.464779, 0.531952
457, 523, 979, 979,0.242259, 0.27771
425, 338, 762, 762,0.139263, 0.109885
340, 471, 810, 810,0.125495, 0.174237
399, 523, 921, 921,0.188535, 0.242901
394, 481, 874, 874,0.169628, 0.20387
516, 378, 893, 893,0.226768, 0.167654
419, 617, 1035, 1035,0.245372, 0.358164
502, 579, 1080, 1080,0.320527, 0.369172
432, 429, 860, 860,0.17648, 0.175833
442, 438, 879, 879,0.189971, 0.187115
511, 558, 1068, 1068,0.317968, 0.345848
551, 654, 1204, 1204,0.436539, 0.5144
658, 452, 1109, 1109,0.447085, 0.306382
379, 506, 884, 884,0.165325, 0.221471
589, 384, 972, 972,0.306063, 0.201579
343, 562, 904, 904,0.157018, 0.255513
385, 455, 839, 839,0.152203, 0.179241
362, 595, 956, 956,0.183472, 0.295525
450, 479, 928, 928,0.211142, 0.223074
644, 413, 1056, 1056,0.389156, 0.251815
466, 390, 855, 855,0.19082, 0.158473
397, 574, 970, 970,0.20783, 0.296548
618, 562, 1179, 1179,0.466382, 0.425306
539, 574, 1112, 1112,0.360407, 0.385168
427, 451, 877, 877,0.183174, 0.192908
521, 661, 1181, 1181,0.391826, 0.496043
623, 639, 1261, 1261,0.532152, 0.543442
386, 623, 1008, 1008,0.216549, 0.345888
383, 460, 842, 842,0.151902, 0.184007
376, 455, 830, 830,0.1436, 0.17332
626, 500, 1125, 1125,0.43216, 0.344093
438, 390, 827, 827,0.166954, 0.148901
351, 525, 875, 875,0.152129, 0.223423
569, 562, 1130, 1130,0.396459, 0.39026
451, 578, 1028, 1028,0.262913, 0.33641
419, 622, 1040, 1040,0.247525, 0.365558
380, 373, 752, 752,0.120889, 0.120046
451, 663, 1113, 1113,0.304909, 0.447595
516, 407, 922, 922,0.241126, 0.19019
419, 347, 765, 765,0.137718, 0.11413
351, 571, 921, 921,0.164436, 0.266673
636, 433, 1068, 1068,0.396465, 0.271712
342, 611, 952, 952,0.170564, 0.302402
434, 558, 991, 991,0.234962, 0.299652
592, 587, 1178, 1178,0.44165, 0.437358
367, 477, 843, 843,0.146581, 0.1909
511, 361, 871, 871,0.217252, 0.15363
338, 623, 960, 960,0.182844, 0.312355
638, 536, 1173, 1173,0.477837, 0.406987
384, 546, 929, 929,0.18248, 0.255763
409, 662, 1070, 1070,0.254842, 0.412326
441, 647, 1087, 1087,0.284835, 0.415082
366, 375, 740, 740,0.114306, 0.117238
447, 389, 835, 835,0.173559, 0.152821
518, 513, 1030, 1030,0.301575, 0.298037
415, 646, 1060, 1060,0.256052, 0.398963
640, 582, 1221, 1221,0.515536, 0.470414
617, 429, 1045, 1045,0.364918, 0.257228
438, 666, 1103, 1103,0.289226, 0.439629
477, 585, 1061, 1061,0.29782, 0.360997
423, 579, 1001, 1001,0.233843, 0.317685
500, 572, 1071, 1071,0.311404, 0.356859
504, 654, 1157, 1157,0.366702, 0.479274
361, 421, 781, 781,0.12512, 0.143826
352, 616, 967, 967,0.185229, 0.314946
401, 513, 913, 913,0.183787, 0.231852
480, 378, 857, 857,0.197256, 0.155992
385, 589, 973, 973,0.202918, 0.306071
397, 510, 906, 906,0.183303, 0.232787
518, 507, 1024, 1024,0.295741, 0.288613
347, 542, 888, 888,0.153949, 0.237846
536, 574, 1109, 1109,0.360404, 0.38503
417, 449, 865, 865,0.168679, 0.182191
604, 359, 962, 962,0.308774, 0.183366
426, 407, 832, 832,0.162981, 0.155134
374, 363, 736, 736,0.113165, 0.11074
344, 419, 762, 762,0.113217, 0.137611
578, 428, 1005, 1005,0.318787, 0.235991
498, 402, 899, 899,0.223633, 0.181073
504, 494, 997, 997,0.276201, 0.272808
382, 554, 935, 935,0.184878, 0.267719
588, 379, 966, 966,0.302946, 0.196463
457, 447, 903, 903,0.206089, 0.202755
378, 526, 903, 903,0.173244, 0.237651
499, 412, 910, 910,0.228891, 0.189308
391, 661, 1051, 1051,0.236507, 0.399468
337, 514, 850, 850,0.137996, 0.205024
661, 430, 1090, 1090,0.426994, 0.27768
337, 338, 674, 674,0.0873019, 0.0867958
350, 334, 683, 683,0.0941126, 0.0905303
454, 554, 1007, 1007,0.252579, 0.307692
453, 482, 934, 934,0.219741, 0.233156
617, 537, 1153, 1153,0.434201, 0.378518
598, 562, 1159, 1159,0.436758, 0.413147
429, 372, 800, 800,0.153735, 0.132287
383, 623, 1005, 1005,0.213937, 0.344773
403, 644, 1046, 1046,0.245089, 0.387465
537, 463, 999, 999,0.294944, 0.257794
642, 425, 1066, 1066,0.400259, 0.267147
458, 413, 870, 870,0.192484, 0.175231
376, 531, 906, 906,0.171628, 0.240784
449, 442, 890, 890,0.196515, 0.192407
604, 419, 1022, 1022,0.34466, 0.240098
427, 385, 811, 811,0.158099, 0.140663
602, 510, 1111, 1111,0.405181, 0.345162
441, 595, 1035, 1035,0.261154, 0.349678
411, 569, 979, 979,0.21945, 0.301021
348, 392, 739, 739,0.108357, 0.121493
638, 380, 1017, 1017,0.360858, 0.215853
410, 556, 965, 965,0.213258, 0.288657
565, 494, 1058, 1058,0.345942, 0.303994
348, 641, 988, 988,0.18755, 0.340188
366, 595, 960, 960,0.185036, 0.29808
433, 628, 1060, 1060,0.26775, 0.385129
425, 647, 1071, 1071,0.26772, 0.402075
494, 535, 1028, 1028,0.290442, 0.313206
626, 398, 1023, 1023,0.356704, 0.227473
636, 604, 1239, 1239,0.527556, 0.498834
533, 378, 910, 910,0.244493, 0.174448
351, 390, 740, 740,0.11063, 0.122727
364, 374, 737, 737,0.110194, 0.113351
650, 589, 1238, 1238,0.540991, 0.488887
498, 336, 833, 833,0.191835, 0.130306
334, 658, 991, 991,0.182317, 0.351358
369, 610, 978, 978,0.196715, 0.319647
624, 351, 974, 974,0.319531, 0.182737
476, 429, 904, 904,0.216433, 0.194141
458, 408, 865, 865,0.187108, 0.165439
424, 437, 860, 860,0.173603, 0.178444
403, 444, 846, 846,0.162612, 0.177088
396, 569, 964, 964,0.204881, 0.294901
427, 558, 984, 984,0.22982, 0.298548
388, 370, 757, 757,0.126821, 0.120542
405, 513, 917, 917,0.189236, 0.238692
558, 558, 1115, 1115,0.379015, 0.379506
537, 606, 1142, 1142,0.383505, 0.429362
664, 336, 999, 999,0.36299, 0.187618
419, 469, 887, 887,0.184119, 0.206407
344, 639, 982, 982,0.183184, 0.338413
520, 562, 1081, 1081,0.33171, 0.359304
547, 628, 1174, 1174,0.411697, 0.471916
379, 511, 889, 889,0.166457, 0.224936
653, 516, 1168, 1168,0.479947, 0.378679
488, 397, 884, 884,0.212092, 0.171854
654, 574, 1227, 1227,0.531262, 0.46471
369, 467, 835, 835,0.144068, 0.182315
623, 450, 1072, 1072,0.38894, 0.278556
624, 456, 1079, 1079,0.39281, 0.291665
438, 599, 1036, 1036,0.257489, 0.352313
459, 458, 916, 916,0.212267, 0.210827
642, 441, 1082, 1082,0.410742, 0.284066
460, 425, 884, 884,0.200182, 0.18438
584, 501, 1084, 1084,0.374617, 0.321703
534, 570, 1103, 1103,0.351735, 0.374667
506, 577, 1082, 1082,0.323367, 0.36658
344, 540, 883, 883,0.15155, 0.235034
658, 369, 1026, 1026,0.379983, 0.212019
610, 494, 1103, 1103,0.404292, 0.326858
457, 516, 972, 972,0.239026, 0.267256
589, 465, 1053, 1053,0.349375, 0.280383
433, 371, 803, 803,0.1574, 0.135495
534, 337, 870, 870,0.226186, 0.14329
653, 604, 1256, 1256,0.554548, 0.512659
452, 334, 785, 785,0.155829, 0.115011
368, 455, 822, 822,0.140935, 0.172325
567, 387, 953, 953,0.283474, 0.193278
494, 343, 836, 836,0.194688, 0.136265
455, 402, 856, 856,0.186449, 0.165562
337, 597, 933, 933,0.166246, 0.287558
592, 431, 1022, 1022,0.335169, 0.244434
520, 390, 909, 909,0.237138, 0.177864
464, 484, 947, 947,0.231427, 0.24019
612, 578, 1189, 1189,0.468075, 0.443956
463, 396, 858, 858,0.190676, 0.162268
415, 613, 1027, 1027,0.241439, 0.353909
600, 520, 1119, 1119,0.406514, 0.351859
509, 407, 915, 915,0.236548, 0.190372
446, 647, 1092, 1092,0.293511, 0.422644
438, 613, 1050, 1050,0.265642, 0.36757
619, 369, 987, 987,0.32814, 0.198121
451, 463, 913, 913,0.204612, 0.212063
465, 417, 881, 881,0.197998, 0.177507
646, 467, 1112, 1112,0.434451, 0.315809
472, 381, 852, 852,0.193444, 0.155692
504, 442, 945, 945,0.244414, 0.215582
337, 484, 820, 820,0.128175, 0.184533
429, 337, 765, 765,0.141086, 0.112006
432, 633, 1064, 1064,0.268168, 0.39158
413, 646, 1058, 1058,0.255054, 0.393617
397, 407, 803, 803,0.144103, 0.146928
477, 444, 920, 920,0.222357, 0.207212
335, 552, 886, 886,0.148843, 0.242649
341, 364, 704, 704,0.0959935, 0.101986
551, 502, 1052, 1052,0.333721, 0.302929
578, 520, 1097, 1097,0.380464, 0.341314
400, 471, 870, 870,0.169909, 0.200178
531, 388, 918, 918,0.246763, 0.18119
401, 520, 920, 920,0.190377, 0.243582
574, 463, 1036, 1036,0.335612, 0.272951
336, 617, 952, 952,0.168026, 0.305034
461, 448, 908, 908,0.208485, 0.201378
420, 548, 967, 967,0.217288, 0.282521
632, 482, 1113, 1113,0.427435, 0.326853
653, 488, 1140, 1140,0.463456, 0.345919
632, 481, 1112, 1112,0.425404, 0.323765
344, 399, 742, 742,0.109958, 0.127439
461, 395, 855, 855,0.186916, 0.16217
371, 495, 865, 865,0.152143, 0.202571
362, 386, 747, 747,0.115929, 0.122357
436, 427, 862, 862,0.178159, 0.175194
378, 535, 912, 912,0.174399, 0.245959
490, 616, 1105, 1105,0.325045, 0.408328
622, 387, 1008, 1008,0.345393, 0.214715
400, 462, 861, 861,0.163391, 0.187474
625, 623, 1247, 1247,0.517984, 0.516321
358, 405, 762, 762,0.118828, 0.132815
373, 513, 885, 885,0.162443, 0.223121
414, 642, 1055, 1055,0.252776, 0.388793
435, 345, 779, 779,0.147693, 0.119007
407, 422, 828, 828,0.15555, 0.162354
448, 502, 949, 949,0.224409, 0.250301
416, 397, 812, 812,0.15366, 0.147845
537, 361, 897, 897,0.235308, 0.158591
548, 511, 1058, 1058,0.332992, 0.311641
556, 506, 1061, 1061,0.346235, 0.310692
471, 430, 900, 900,0.213519, 0.193987
570, 576, 1145, 1145,0.404968, 0.410012
662, 636, 1297, 1297,0.592413, 0.571638
381, 539, 919, 919,0.180556, 0.251463
442, 421, 862, 862,0.18027, 0.172848
593, 488, 1080, 1080,0.377736, 0.313053
612, 558, 1169, 1169,0.449021, 0.412123
583, 437, 1019, 1019,0.332969, 0.248415
385, 570, 954, 954,0.19182, 0.283824
481, 579, 1059, 1059,0.296174, 0.357247
448, 646, 1093, 1093,0.292149, 0.423099
606, 426, 1031, 1031,0.353208, 0.247309
345, 583, 927, 927,0.163169, 0.274738
495, 520, 1014, 1014,0.282141, 0.294947
585, 633, 1217, 1217,0.461089, 0.503328
404, 570, 973, 973,0.213603, 0.295957
452, 389, 840, 840,0.179622, 0.15534
570, 418, 987, 987,0.304143, 0.224204
345, 516, 860, 860,0.142091, 0.210653
563, 355, 917, 917,0.261376, 0.16717
627, 623, 1249, 1249,0.520582, 0.516654
658, 553, 1210, 1210,0.523571, 0.43826
448, 459, 906, 906,0.201996, 0.207346
347, 607, 953, 953,0.174964, 0.301915
458, 444, 901, 901,0.204972, 0.200026
434, 393, 826, 826,0.165455, 0.150314
469, 458, 926, 926,0.218267, 0.213975
403, 396, 798, 798,0.143123, 0.139513
569, 528, 1096, 1096,0.374419, 0.345293
573, 375, 947, 947,0.286337, 0.187746
450, 390, 839, 839,0.177228, 0.153322
462, 362, 823, 823,0.174589, 0.138117
445, 483, 927, 927,0.210033, 0.227586
484, 560, 1043, 1043,0.287253, 0.331348
658, 506, 1163, 1163,0.480621, 0.373557
664, 387, 1050, 1050,0.396454, 0.230791
615, 466, 1080, 1080,0.389665, 0.297875
364, 472, 835, 835,0.143558, 0.183581
464, 533, 996, 996,0.255592, 0.293354
421, 382, 802, 802,0.152999, 0.137229
595, 401, 995, 995,0.321626, 0.219744
377, 616, 992, 992,0.202293, 0.329453
391, 497, 887, 887,0.173039, 0.217308
434, 622, 1055, 1055,0.260199, 0.370812
629, 606, 1234, 1234,0.515539, 0.495774
607, 487, 1093, 1093,0.39924, 0.321637
394, 658, 1051, 1051,0.240587, 0.393907
560, 518, 1077, 1077,0.352081, 0.32906
362, 391, 752, 752,0.116046, 0.124838
448, 520, 967, 967,0.230937, 0.26877
469, 402, 870, 870,0.19904, 0.170935
610, 405, 1014, 1014,0.346495, 0.229807
666, 622, 1287, 1287,0.595291, 0.55704
535, 407, 941, 941,0.261456, 0.197822
504, 486, 989, 989,0.268869, 0.261051
337, 454, 790, 790,0.120948, 0.161438
405, 388, 792, 792,0.14258, 0.137714
340, 431, 770, 770,0.115106, 0.144908
500, 437, 936, 936,0.241777, 0.211088
584, 531, 1114, 1114,0.394088, 0.356753
415, 639, 1053, 1053,0.252149, 0.383734
473, 396, 868, 868,0.200276, 0.168411
579, 366, 944, 944,0.283156, 0.179754
530, 491, 1020, 1020,0.301242, 0.277556
429, 603, 1031, 1031,0.253397, 0.35156
599, 408, 1006, 1006,0.333073, 0.226429
447, 438, 884, 884,0.193148, 0.190334
442, 584, 1025, 1025,0.251429, 0.330267
360, 348, 707, 707,0.10381, 0.100053
587, 338, 924, 924,0.276304, 0.158909
426, 460, 885, 885,0.18406, 0.201243
391, 388, 778, 778,0.132337, 0.132518
395, 539, 933, 933,0.191197, 0.257894
334, 433, 766, 766,0.11016, 0.141425
473, 472, 944, 944,0.227883, 0.230322
501, 536, 1036, 1036,0.294112, 0.314548
376, 623, 998, 998,0.207685, 0.342339
396, 360, 755, 755,0.131094, 0.118719
628, 353, 980, 980,0.335866, 0.189014
380, 385, 764, 764,0.125036, 0.126326
371, 456, 826, 826,0.14365, 0.173568
519, 610, 1128, 1128,0.359679, 0.423386
511, 340, 850, 850,0.205785, 0.136638
527, 598, 1124, 1124,0.36275, 0.411772
623, 556, 1178, 1178,0.46648, 0.416259
376, 388, 763, 763,0.123783, 0.127163
511, 577, 1087, 1087,0.328109, 0.370427
664, 371, 1034, 1034,0.390327, 0.221449
376, 421, 796, 796,0.134626, 0.150086
342, 397, 738, 738,0.105693, 0.124585
416, 627, 1042, 1042,0.249303, 0.372944
411, 370, 780, 780,0.141423, 0.126727
363, 347, 709, 709,0.104513, 0.0993583
484, 511, 994, 994,0.262749, 0.277718
419, 533, 951, 951,0.210075, 0.266849
552, 569, 1120, 1120,0.376118, 0.386142
575, 644, 1218, 1218,0.464446, 0.552871
433, 653, 1085, 1085,0.281522, 0.425483
407, 469, 875, 875,0.173118, 0.200513
600, 437, 1036, 1036,0.353944, 0.255761
386, 665, 1050, 1050,0.236267, 0.403545
432, 433, 864, 864,0.177851, 0.177803
363, 615, 977, 977,0.191392, 0.319831
337, 485, 821, 821,0.129768, 0.18392
562, 517, 1078, 1078,0.359171, 0.327784
382, 619, 1000, 1000,0.212123, 0.340742
467, 653, 1119, 1119,0.316923, 0.440605
515, 576, 1090, 1090,0.334273, 0.370042
351, 367, 717, 717,0.103053, 0.106933
358, 517, 874, 874,0.152216, 0.218872
599, 446, 1044, 1044,0.360191, 0.27094
444, 627, 1070, 1070,0.27765, 0.3918
472, 387, 858, 858,0.193532, 0.158877
469, 470, 938, 938,0.227234, 0.228295
563, 509, 1071, 1071,0.349931, 0.316965
374, 579, 952, 952,0.187137, 0.289044
632, 442, 1073, 1073,0.394318, 0.275328
416, 610, 1025, 1025,0.235376, 0.341194
464, 337, 800, 800,0.164096, 0.119538
467, 589, 1055, 1055,0.282457, 0.356082
409, 595, 1003, 1003,0.227161, 0.327384
390, 511, 900, 900,0.175768, 0.22999
556, 461, 1016, 1016,0.316871, 0.262274
416, 376, 791, 791,0.147398, 0.132543
664, 563, 1226, 1226,0.539294, 0.45571
473, 521, 993, 993,0.251946, 0.279111
595, 369, 963, 963,0.305085, 0.191759
436, 577, 1012, 1012,0.246368, 0.325143
506, 432, 937, 937,0.245915, 0.211004
338, 537, 874, 874,0.143143, 0.228811
501, 446, 946, 946,0.246765, 0.22177
599, 443, 1041, 1041,0.355676, 0.264034
467, 588, 1054, 1054,0.280814, 0.353463
645, 351, 995, 995,0.349631, 0.192768
627, 570, 1196, 1196,0.484523, 0.439833
580, 467, 1046, 1046,0.349229, 0.282284
458, 515, 972, 972,0.238138, 0.269121
432, 404, 835, 835,0.170154, 0.158134
417, 569, 985, 985,0.22294, 0.307291
628, 526, 1153, 1153,0.442367, 0.372876
366, 629, 994, 994,0.198991, 0.33925
484, 369, 852, 852,0.197712, 0.150102
603, 425, 1027, 1027,0.352284, 0.248717
521, 395, 915, 915,0.244166, 0.184779
650, 427, 1076, 1076,0.411219, 0.27188
577, 418, 994, 994,0.312135, 0.22692
556, 664, 1219, 1219,0.45015, 0.535594
521, 366, 886, 886,0.229635, 0.160694
371, 376, 746, 746,0.117603, 0.119055
500, 371, 870, 870,0.210232, 0.158204
605, 423, 1027, 1027,0.351907, 0.246681
450, 344, 793, 793,0.159102, 0.121718
560, 644, 1203, 1203,0.440343, 0.505451
656, 349, 1004, 1004,0.359257, 0.193527
615, 379, 993, 993,0.329399, 0.202983
465, 443, 907, 907,0.212773, 0.199921
469, 376, 844, 844,0.186388, 0.149244
529, 417, 945, 945,0.25718, 0.203043
352, 632, 983, 983,0.187848, 0.334831
612, 411, 1022, 1022,0.345802, 0.240496
640, 462, 1101, 1101,0.424036, 0.305658
658, 506, 1163, 1163,0.480882, 0.370038
523, 629, 1151, 1151,0.371984, 0.445772
554, 661, 1214, 1214,0.440134, 0.522912
391, 577, 967, 967,0.203851, 0.29617
491, 577, 1067, 1067,0.303689, 0.358998
443, 374, 816, 816,0.162779, 0.13873
660, 450, 1109, 1109,0.442451, 0.299605
360, 456, 815, 815,0.1334, 0.167793
448, 358, 805, 805,0.164418, 0.130715
513, 565, 1077, 1077,0.328714, 0.359677
558, 383, 940, 940,0.272482, 0.187111
624, 490, 1113, 1113,0.420395, 0.330342
622, 371, 992, 992,0.328813, 0.197667
519, 502, 1020, 1020,0.294599, 0.286391
364, 397, 760, 760,0.120716, 0.130954
552, 575, 1126, 1126,0.382552, 0.399252
453, 607, 1059, 1059,0.280348, 0.374085
472, 517, 988, 988,0.25508, 0.275049
574, 472, 1045, 1045,0.344153, 0.283373
558, 515, 1072, 1072,0.346699, 0.322573
476, 487, 962, 962,0.242479, 0.249943
651, 411, 1061, 1061,0.402701, 0.252513
361, 408, 768, 768,0.119428, 0.132902
463, 342, 804, 804,0.170886, 0.126058
607, 407, 1013, 1013,0.343301, 0.231121
554, 413, 966, 966,0.286953, 0.213231
518, 573, 1090, 1090,0.334891, 0.37056
519, 629, 1147, 1147,0.368648, 0.447194
401, 494, 894, 894,0.177565, 0.21775
512, 501, 1012, 1012,0.288261, 0.2833
384, 374, 757, 757,0.125329, 0.121744
363, 553, 915, 915,0.16912, 0.256659
421, 622, 1042, 1042,0.24944, 0.365731
480, 636, 1115, 1115,0.325531, 0.428944
387, 515, 901, 901,0.176972, 0.2352
461, 468, 928, 928,0.21437, 0.21812
462, 394, 855, 855,0.188007, 0.16265
439, 586, 1024, 1024,0.250328, 0.328095
367, 639, 1005, 1005,0.204155, 0.349259
484, 450, 933, 933,0.231833, 0.214519
408, 494, 901, 901,0.188365, 0.23397
342, 531, 872, 872,0.145112, 0.225468
369, 348, 716, 716,0.108861, 0.102348
589, 344, 932, 932,0.283123, 0.165591
639, 455, 1093, 1093,0.415483, 0.296733
447, 409, 855, 855,0.182107, 0.166343
502, 434, 935, 935,0.242468, 0.20905
485, 654, 1138, 1138,0.341839, 0.461781
551, 371, 921, 921,0.258877, 0.175142
374, 574, 947, 947,0.18566, 0.282255
339, 344, 682, 682,0.0895864, 0.0921721
335, 553, 887, 887,0.149174, 0.243118
613, 595, 1207, 1207,0.483632, 0.469872
620, 554, 1173, 1173,0.46228, 0.415605
498, 422, 919, 919,0.233521, 0.19749
664, 637, 1300, 1300,0.605724, 0.581365
647, 575, 1221, 1221,0.524915, 0.467198
499, 666, 1164, 1164,0.367054, 0.489197
460, 351, 810, 810,0.17066, 0.130049
438, 647, 1084, 1084,0.282898, 0.414172
394, 402, 795, 795,0.139657, 0.142731
528, 388, 915, 915,0.244738, 0.181248
388, 441, 828, 828,0.149052, 0.16878
473, 446, 918, 918,0.218727, 0.208397
661, 421, 1081, 1081,0.422094, 0.272475
448, 488, 935, 935,0.21743, 0.235829
465, 610, 1074, 1074,0.292589, 0.382075
352, 610, 961, 961,0.176062, 0.30284
595, 498, 1092, 1092,0.387465, 0.326176
518, 445, 962, 962,0.263439, 0.227686
582, 380, 961, 961,0.288441, 0.190093
350, 574, 923, 923,0.165059, 0.267591
658, 410, 1067, 1067,0.407633, 0.256527
409, 487, 895, 895,0.180488, 0.216551
627, 344, 970, 970,0.326086, 0.178635
653, 513, 1165, 1165,0.476585, 0.372851
447, 529, 975, 975,0.234571, 0.276562
577, 493, 1069, 1069,0.359679, 0.307723
342, 387, 728, 728,0.103942, 0.116436
370, 369, 738, 738,0.113959, 0.113709
384, 572, 955, 955,0.194829, 0.288226
536, 420, 955, 955,0.267485, 0.21138
567, 370, 936, 936,0.273664, 0.179074
415, 452, 866, 866,0.173107, 0.187746
589, 545, 1133, 1133,0.410661, 0.378808
340, 446, 785, 785,0.116157, 0.152834
449, 616, 1064, 1064,0.278216, 0.383478
446, 376, 821, 821,0.168555, 0.142043
638, 509, 1146, 1146,0.451512, 0.3621
474, 623, 1096, 1096,0.311134, 0.408083
472, 533, 1004, 1004,0.264311, 0.295304
380, 401, 780, 780,0.129366, 0.137046
484, 472, 955, 955,0.243011, 0.236278
449, 493, 941, 941,0.218218, 0.239139
480, 536, 1015, 1015,0.273765, 0.307717
448, 462, 909, 909,0.203671, 0.20896
338, 340, 677, 677,0.0896032, 0.0910044
431, 607, 1037, 1037,0.25357, 0.354329
599, 518, 1116, 1116,0.407432, 0.351002
651, 539, 1189, 1189,0.500264, 0.410571
374, 434, 807, 807,0.138263, 0.158898
556, 527, 1082, 1082,0.356274, 0.336904
575, 662, 1236, 1236,0.476772, 0.544469
519, 468, 986, 986,0.27765, 0.250535
346, 385, 730, 730,0.105646, 0.116101
337, 421, 757, 757,0.110284, 0.137729
438, 537, 974, 974,0.228967, 0.281976
537, 509, 1045, 1045,0.322419, 0.305607
405, 636, 1040, 1040,0.240098, 0.376649
411, 378, 788, 788,0.146753, 0.134579
495, 641, 1135, 1135,0.344246, 0.444798
337, 472, 808, 808,0.126619, 0.174798
364, 569, 932, 932,0.176231, 0.273527
467, 563, 1029, 1029,0.2739, 0.328335
498, 570, 1067, 1067,0.30791, 0.353048
647, 428, 1074, 1074,0.409065, 0.270453
537, 463, 999, 999,0.296015, 0.257925
537, 340, 876, 876,0.230594, 0.147699
589, 482, 1070, 1070,0.364008, 0.29988
627, 386, 1012, 1012,0.355182, 0.21934
421, 482, 902, 902,0.192099, 0.21893
397, 473, 869, 869,0.167152, 0.200461
337, 377, 713, 713,0.100159, 0.109635
482, 369, 850, 850,0.193182, 0.148109
500, 570, 1069, 1069,0.31075, 0.353544
592, 467, 1058, 1058,0.362476, 0.284315
428, 569, 996, 996,0.234231, 0.314034
524, 405, 928, 928,0.245778, 0.190345
363, 380, 742, 742,0.11503, 0.121262
654, 358, 1011, 1011,0.367928, 0.203391
651, 433, 1083, 1083,0.410776, 0.275714
554, 557, 1110, 1110,0.373222, 0.373468
610, 506, 1115, 1115,0.410199, 0.341061
421, 378, 798, 798,0.150194, 0.135657
557, 629, 1185, 1185,0.418902, 0.471547
467, 519, 985, 985,0.250157, 0.277371
398, 561, 958, 958,0.201961, 0.280313
377, 355, 731, 731,0.11497, 0.109117
595, 557, 1151, 1151,0.425661, 0.398842
552, 653, 1204, 1204,0.43445, 0.513508
589, 425, 1013, 1013,0.331903, 0.239357
513, 529, 1041, 1041,0.302714, 0.310469
468, 454, 921, 921,0.219138, 0.213407
619, 537, 1155, 1155,0.44632, 0.388655
500, 548, 1047, 1047,0.299646, 0.327778
457, 537, 993, 993,0.245515, 0.287304
340, 571, 910, 910,0.154571, 0.260911
422, 500, 921, 921,0.20069, 0.234347
536, 472, 1007, 1007,0.297651, 0.263216
570, 465, 1034, 1034,0.334311, 0.274914
450, 342, 791, 791,0.158712, 0.121034
394, 382, 775, 775,0.132735, 0.129229
516, 466, 981, 981,0.274288, 0.248393
338, 645, 982, 982,0.181497, 0.344168
432, 398, 829, 829,0.164376, 0.153988
455, 506, 960, 960,0.228161, 0.252734
562, 455, 1016, 1016,0.317509, 0.258102
499, 484, 982, 982,0.266612, 0.257866
610, 513, 1122, 1122,0.416976, 0.351233
523, 348, 870, 870,0.221853, 0.149093
442, 642, 1083, 1083,0.281351, 0.410496
603, 382, 984, 984,0.320436, 0.204604
471, 514, 984, 984,0.252377, 0.275183
417, 485, 901, 901,0.189247, 0.219123
612, 456, 1067, 1067,0.378769, 0.285131
544, 355, 898, 898,0.240468, 0.160887
568, 351, 918, 918,0.264333, 0.165095
493, 569, 1061, 1061,0.30581, 0.351409
391, 444, 834, 834,0.153614, 0.172221
501, 475, 975, 975,0.261429, 0.24772
438, 383, 820, 820,0.167227, 0.145582
506, 419, 924, 924,0.238192, 0.19758
563, 435, 997, 997,0.3055, 0.238577
556, 471, 1026, 1026,0.322767, 0.271942
359, 469, 827, 827,0.136682, 0.177846
615, 636, 1250, 1250,0.510749, 0.533775
518, 383, 900, 900,0.233649, 0.173106
582, 557, 1138, 1138,0.408853, 0.390241
386, 616, 1001, 1001,0.21514, 0.339814
506, 615, 1120, 1120,0.3423, 0.411003
518, 432, 949, 949,0.260197, 0.215049
649, 377, 1025, 1025,0.369145, 0.215769
425, 488, 912, 912,0.195767, 0.223618
401, 405, 805, 805,0.146193, 0.146846
418, 351, 768, 768,0.137594, 0.116273
556, 381, 936, 936,0.268223, 0.186014
414, 369, 782, 782,0.143063, 0.128101
610, 420, 1029, 1029,0.355457, 0.245855
659, 651, 1309, 1309,0.601869, 0.590018
354, 416, 769, 769,0.116469, 0.136543
360, 642, 1001, 1001,0.200195, 0.352952
649, 485, 1133, 1133,0.448596, 0.334982
396, 554, 949, 949,0.198313, 0.276223
649, 477, 1125, 1125,0.448317, 0.330415
490, 389, 878, 878,0.209587, 0.166907
658, 397, 1054, 1054,0.396621, 0.24243
635, 334, 968, 968,0.32944, 0.175241
495, 370, 864, 864,0.2032, 0.152923
433, 647, 1079, 1079,0.275851, 0.411574
558, 399, 956, 956,0.281709, 0.201086
577, 337, 913, 913,0.265712, 0.154206
454, 626, 1079, 1079,0.289215, 0.398647
417, 446, 862, 862,0.169766, 0.181955
370, 501, 870, 870,0.156397, 0.21214
373, 639, 1011, 1011,0.210188, 0.356705
447, 387, 833, 833,0.168846, 0.145439
610, 433, 1042, 1042,0.360138, 0.256823
401, 436, 836, 836,0.157941, 0.171094
462, 634, 1095, 1095,0.302812, 0.415352
513, 654, 1166, 1166,0.375756, 0.479116
568, 464, 1031, 1031,0.33268, 0.27437
642, 387, 1028, 1028,0.374897, 0.22756
397, 529, 925, 925,0.188675, 0.247408
652, 370, 1021, 1021,0.369894, 0.210241
552, 534, 1085, 1085,0.351974, 0.340641
615, 628, 1242, 1242,0.504983, 0.517586
413, 349, 761, 761,0.136055, 0.11492
484, 397, 880, 880,0.207834, 0.170033
573, 374, 946, 946,0.283831, 0.186094
572, 627, 1198, 1198,0.441812, 0.480017
600, 422, 1021, 1021,0.342514, 0.240956
351, 421, 771, 771,0.120062, 0.141141
336, 370, 705, 705,0.0950406, 0.102753
651, 337, 987, 987,0.348215, 0.18389
386, 408, 793, 793,0.136203, 0.143331
654, 493, 1146, 1146,0.468502, 0.350298
399, 516, 914, 914,0.186605, 0.237271
421, 490, 910, 910,0.194365, 0.223026
342, 373, 714, 714,0.100936, 0.108921
418, 348, 765, 765,0.136945, 0.113888
406, 572, 977, 977,0.21552, 0.298402
476, 349, 824, 824,0.180012, 0.132628
430, 472, 901, 901,0.194094, 0.213241
502, 397, 898, 898,0.222435, 0.176121
467, 473, 939, 939,0.225685, 0.229643
375, 567, 941, 941,0.184044, 0.274676
364, 374, 737, 737,0.110784, 0.113177
335, 530, 864, 864,0.139885, 0.217009
422, 436, 857, 857,0.173702, 0.177222
651, 388, 1038, 1038,0.382377, 0.230868
350, 456, 805, 805,0.128957, 0.166421
359, 381, 739, 739,0.111409, 0.119089
552, 391, 942, 942,0.269711, 0.191018
459, 548, 1006, 1006,0.253966, 0.301598
362, 448, 809, 809,0.133793, 0.164537
335, 513, 847, 847,0.134831, 0.204354
434, 441, 874, 874,0.182673, 0.186691
600, 482, 1081, 1081,0.38344, 0.306695
380, 375, 754, 754,0.122839, 0.121165
663, 389, 1051, 1051,0.399371, 0.235094
363, 369, 731, 731,0.110217, 0.112179
599, 567, 1165, 1165,0.437689, 0.414431
494, 464, 957, 957,0.247934, 0.231991
498, 409, 906, 906,0.225475, 0.187015
447, 496, 942, 942,0.216407, 0.241863
616, 491, 1106, 1106,0.407697, 0.324613
337, 353, 689, 689,0.0914871, 0.0956338
395, 467, 861, 861,0.163814, 0.19121
351, 661, 1011, 1011,0.200076, 0.371899
558, 516, 1073, 1073,0.350412, 0.324168
495, 468, 962, 962,0.253317, 0.239149
599, 363, 961, 961,0.3025, 0.185198
647, 604, 1250, 1250,0.545162, 0.506476
664, 425, 1088, 1088,0.424497, 0.271476
500, 623, 1122, 1122,0.340784, 0.42398
488, 420, 907, 907,0.222077, 0.190547
422, 397, 818, 818,0.158843, 0.150357
548, 546, 1093, 1093,0.35559, 0.354237
455, 407, 861, 861,0.186693, 0.166095
352, 339, 690, 690,0.097618, 0.0922896
589, 435, 1023, 1023,0.329582, 0.24488
342, 584, 925, 925,0.161029, 0.273741
583, 338, 920, 920,0.273689, 0.159826
415, 497, 911, 911,0.191471, 0.227805
536, 369, 904, 904,0.242831, 0.16961
628, 400, 1027, 1027,0.361623, 0.232038
552, 342, 893, 893,0.241245, 0.150009
434, 539, 972, 972,0.226497, 0.279836
402, 404, 805, 805,0.14711, 0.146846
456, 352, 807, 807,0.16665, 0.130149
397, 447, 843, 843,0.158718, 0.178415
635, 519, 1153, 1153,0.451912, 0.369185
473, 374, 846, 846,0.186787, 0.150746
472, 486, 957, 957,0.236664, 0.244096
500, 562, 1061, 1061,0.309017, 0.350131
391, 344, 734, 734,0.118986, 0.104037
396, 536, 931, 931,0.191118, 0.256292
388, 428, 815, 815,0.14383, 0.157373
343, 471, 813, 813,0.127942, 0.173518
577, 665, 1241, 1241,0.477416, 0.553141
516, 351, 866, 866,0.21668, 0.148037
484, 396, 879, 879,0.204921, 0.169133
337, 414, 750, 750,0.106724, 0.131759
467, 610, 1076, 1076,0.297171, 0.388121
502, 629, 1130, 1130,0.349258, 0.435099
480, 451, 930, 930,0.22809, 0.213742
400, 422, 821, 821,0.149995, 0.159511
605, 619, 1223, 1223,0.49131, 0.498682
436, 369, 804, 804,0.157759, 0.133666
600, 511, 1110, 1110,0.404984, 0.344224
347, 370, 716, 716,0.102281, 0.10809
577, 620, 1196, 1196,0.446849, 0.477711
421, 577, 997, 997,0.231833, 0.313501
589, 541, 1129, 1129,0.408697, 0.374558
426, 340, 765, 765,0.140358, 0.112243
610, 479, 1088, 1088,0.424755, 0.305695
338, 394, 731, 731,0.104004, 0.121608
370, 598, 967, 967,0.19193, 0.308417
395, 342, 736, 736,0.121293, 0.103312
615, 413, 1027, 1027,0.351311, 0.240312
636, 589, 1224, 1224,0.515588, 0.476033
472, 388, 859, 859,0.194008, 0.160762
549, 416, 964, 964,0.280828, 0.21378
371, 451, 821, 821,0.14019, 0.1706
414, 506, 919, 919,0.194865, 0.237725
407, 493, 899, 899,0.182712, 0.221002
516, 496, 1011, 1011,0.29391, 0.280231
589, 461, 1049, 1049,0.354353, 0.277828
486, 361, 846, 846,0.194356, 0.145288
374, 370, 743, 743,0.11813, 0.116399
428, 371, 798, 798,0.152581, 0.130836
365, 342, 706, 706,0.104824, 0.0973859
403, 502, 904, 904,0.184804, 0.228066
361, 451, 811, 811,0.134054, 0.165352
427, 458, 884, 884,0.186137, 0.199247
384, 384, 767, 767,0.126424, 0.125831
441, 431, 871, 871,0.186192, 0.181719
336, 510, 845, 845,0.134215, 0.202712
487, 506, 992, 992,0.263133, 0.273122
558, 465, 1022, 1022,0.31869, 0.264523
606, 516, 1121, 1121,0.407218, 0.347043
476, 636, 1111, 1111,0.319723, 0.427994
473, 569, 1041, 1041,0.277342, 0.336267
623, 434, 1056, 1056,0.373961, 0.261324
521, 464, 984, 984,0.278981, 0.248061
375, 434, 808, 808,0.138788, 0.159402
342, 348, 689, 689,0.0924555, 0.0931272
607, 390, 996, 996,0.330737, 0.214201
395, 457, 851, 851,0.160579, 0.185637
567, 662, 1228, 1228,0.459481, 0.536134
429, 446, 874, 874,0.181889, 0.190768
415, 376, 790, 790,0.145463, 0.131803
475, 528, 1002, 1002,0.262211, 0.291822
563, 394, 956, 956,0.28044, 0.198427
658, 367, 1024, 1024,0.376153, 0.210075
388, 371, 758, 758,0.126382, 0.120331
344, 645, 988, 988,0.185454, 0.343496
513, 586, 1098, 1098,0.337077, 0.384489
350, 587, 936, 936,0.170835, 0.286298
395, 599, 993, 993,0.214445, 0.31881
419, 628, 1046, 1046,0.253662, 0.377916
530, 464, 993, 993,0.283946, 0.250965
499, 343, 841, 841,0.197773, 0.136547
491, 467, 957, 957,0.245505, 0.231744
585, 534, 1118, 1118,0.392883, 0.359928
370, 380, 749, 749,0.116399, 0.12045
456, 623, 1078, 1078,0.293405, 0.396977
371, 373, 743, 743,0.116158, 0.116923
430, 496, 925, 925,0.202217, 0.233264
419, 385, 803, 803,0.152413, 0.138983
367, 449, 815, 815,0.13587, 0.164359
358, 448, 805, 805,0.131769, 0.162496
606, 454, 1059, 1059,0.371749, 0.281018
437, 428, 864, 864,0.177066, 0.173262
447, 447, 893, 893,0.196739, 0.193765
513, 343, 855, 855,0.209367, 0.140728
665, 647, 1311, 1311,0.611711, 0.592728
374, 399, 772, 772,0.12716, 0.137167
658, 650, 1307, 1307,0.603565, 0.594029
466, 629, 1094, 1094,0.306415, 0.409735
408, 512, 919, 919,0.189346, 0.237317
387, 464, 850, 850,0.153756, 0.186997
372, 348, 719, 719,0.110025, 0.102397
605, 557, 1161, 1161,0.442673, 0.405969
397, 559, 955, 955,0.200326, 0.280055
438, 661, 1098, 1098,0.288004, 0.435583
401, 444, 844, 844,0.160585, 0.176646
396, 459, 854, 854,0.162733, 0.187371
385, 493, 877, 877,0.162906, 0.210754
348, 588, 935, 935,0.170646, 0.283281
534, 650, 1183, 1183,0.40104, 0.486293
583, 533, 1115, 1115,0.398207, 0.361119
466, 563, 1028, 1028,0.274, 0.329158
507, 338, 844, 844,0.200726, 0.135238
405, 592, 996, 996,0.259458, 0.327853
656, 376, 1031, 1031,0.382687, 0.223541
445, 428, 872, 872,0.188254, 0.179696
370, 551, 920, 920,0.174808, 0.259627
615, 603, 1217, 1217,0.48519, 0.473021
466, 628, 1093, 1093,0.30539, 0.411487
438, 562, 999, 999,0.243163, 0.307744
382, 434, 815, 815,0.142, 0.160291
645, 344, 988, 988,0.343208, 0.185216
514, 462, 975, 975,0.268263, 0.240296
352, 387, 738, 738,0.108244, 0.119263
561, 658, 1218, 1218,0.446885, 0.526318
485, 459, 943, 943,0.236355, 0.223911
576, 421, 996, 996,0.314075, 0.230748
466, 371, 836, 836,0.183916, 0.147282
451, 348, 798, 798,0.160741, 0.124428
513, 663, 1175, 1175,0.383172, 0.49534
369, 411, 779, 779,0.127339, 0.140682
509, 426, 934, 934,0.245752, 0.204107
472, 633, 1104, 1104,0.313019, 0.419029
447, 514, 960, 960,0.224656, 0.257697
442, 384, 825, 825,0.16872, 0.146642
408, 629, 1036, 1036,0.239923, 0.368891
570, 394, 963, 963,0.291614, 0.201212
663, 371, 1033, 1033,0.38902, 0.220381
531, 507, 1037, 1037,0.312153, 0.30048
456, 563, 1018, 1018,0.259073, 0.318482
376, 350, 725, 725,0.112704, 0.105689
577, 635, 1211, 1211,0.456561, 0.501658
463, 577, 1039, 1039,0.275171, 0.339908
628, 367, 994, 994,0.340622, 0.200318
617, 615, 1231, 1231,0.499219, 0.496077
603, 391, 993, 993,0.322815, 0.20983
384, 340, 723, 723,0.116115, 0.102754
565, 549, 1113, 1113,0.383606, 0.37081
433, 338, 770, 770,0.143498, 0.111846
428, 484, 911, 911,0.196273, 0.218003
427, 621, 1047, 1047,0.257695, 0.372039
424, 436, 859, 859,0.173291, 0.176612
449, 624, 1072, 1072,0.279509, 0.387541
434, 340, 773, 773,0.148709, 0.114377
645, 612, 1256, 1256,0.550747, 0.519225
344, 433, 776, 776,0.118661, 0.149308
395, 517, 911, 911,0.185283, 0.236604
640, 536, 1175, 1175,0.478677, 0.401494
623, 438, 1060, 1060,0.396675, 0.276585
604, 488, 1091, 1091,0.391429, 0.318713
576, 352, 927, 927,0.269732, 0.167814
348, 599, 946, 946,0.17197, 0.297146
488, 401, 888, 888,0.21825, 0.177672
439, 401, 839, 839,0.174109, 0.159706
622, 654, 1275, 1275,0.543215, 0.573577
404, 374, 777, 777,0.138834, 0.128077
623, 527, 1149, 1149,0.444139, 0.376093
666, 433, 1098, 1098,0.439233, 0.288635
607, 634, 1240, 1240,0.500926, 0.525199
495, 417, 911, 911,0.225966, 0.189357
387, 513, 899, 899,0.171629, 0.22689
488, 385, 872, 872,0.206423, 0.162666
622, 545, 1166, 1166,0.45741, 0.399793
377, 433, 809, 809,0.139427, 0.158803
551, 502, 1052, 1052,0.336205, 0.304177
370, 607, 976, 976,0.19363, 0.316192
661, 384, 1044, 1044,0.397154, 0.233588
513, 407, 919, 919,0.238898, 0.189455
620, 589, 1208, 1208,0.486007, 0.460338
404, 534, 937, 937,0.19723, 0.258308
411, 517, 927, 927,0.195598, 0.244026
419, 485, 903, 903,0.18993, 0.217843
484, 494, 977, 977,0.252549, 0.258636
401, 662, 1062, 1062,0.250011, 0.40894
577, 337, 913, 913,0.261941, 0.154006
589, 371, 959, 959,0.294854, 0.186636
556, 586, 1141, 1141,0.396547, 0.413549
364, 460, 823, 823,0.139018, 0.174391
429, 546, 974, 974,0.223124, 0.28113
582, 654, 1235, 1235,0.475699, 0.53943
546, 456, 1001, 1001,0.30017, 0.253052
590, 513, 1102, 1102,0.388461, 0.336621
511, 488, 998, 998,0.282386, 0.268971
384, 465, 848, 848,0.15391, 0.18567
371, 598, 968, 968,0.195952, 0.308718
342, 370, 711, 711,0.0990886, 0.10655
629, 554, 1182, 1182,0.470304, 0.415945
370, 432, 801, 801,0.131347, 0.152704
541, 366, 906, 906,0.245119, 0.166599
397, 512, 908, 908,0.180203, 0.230627
539, 550, 1088, 1088,0.344587, 0.351366
656, 449, 1104, 1104,0.430223, 0.296631
422, 446, 867, 867,0.177199, 0.188509
653, 397, 1049, 1049,0.393391, 0.240509
374, 576, 949, 949,0.186423, 0.286262
536, 572, 1107, 1107,0.358256, 0.382935
419, 473, 891, 891,0.184387, 0.205399
385, 336, 720, 720,0.112631, 0.0975758
546, 539, 1084, 1084,0.346116, 0.34298
385, 418, 802, 802,0.137882, 0.150223
628, 397, 1024, 1024,0.353048, 0.225187
637, 501, 1137, 1137,0.444994, 0.350535
344, 424, 767, 767,0.112979, 0.139202
592, 663, 1254, 1254,0.500924, 0.564609
626, 371, 996, 996,0.342817, 0.207091
348, 557, 904, 904,0.159707, 0.253104
417, 657, 1073, 1073,0.260508, 0.407247
491, 497, 987, 987,0.261323, 0.265224
345, 399, 743, 743,0.109584, 0.12687
429, 373, 801, 801,0.15121, 0.132266
599, 633, 1231, 1231,0.488367, 0.514474
536, 482, 1017, 1017,0.303102, 0.273976
662, 526, 1187, 1187,0.503751, 0.40062
548, 477, 1024, 1024,0.31009, 0.273769
623, 363, 985, 985,0.331233, 0.194721
548, 395, 942, 942,0.266988, 0.193379
560, 387, 946, 946,0.276521, 0.191469
447, 371, 817, 817,0.164253, 0.137994
562, 350, 911, 911,0.253614, 0.159253
661, 627, 1287, 1287,0.590375, 0.562208
461, 373, 833, 833,0.175755, 0.142474
337, 484, 820, 820,0.130312, 0.18507
464, 598, 1061, 1061,0.290267, 0.369457
446, 343, 788, 788,0.155805, 0.121036
558, 476, 1033, 1033,0.328748, 0.278816
556, 410, 965, 965,0.289194, 0.212891
394, 590, 983, 983,0.211132, 0.315384
554, 507, 1060, 1060,0.342736, 0.313287
396, 664, 1059, 1059,0.246198, 0.409766
658, 337, 994, 994,0.358266, 0.187435
462, 365, 826, 826,0.177194, 0.14064
419, 393, 811, 811,0.154619, 0.145267
653, 651, 1303, 1303,0.595056, 0.594521
507, 411, 917, 917,0.237674, 0.193444
390, 542, 931, 931,0.187224, 0.260202
656, 388, 1043, 1043,0.388838, 0.233682
502, 414, 915, 915,0.234081, 0.193944
460, 598, 1057, 1057,0.279024, 0.359199
475, 509, 983, 983,0.253995, 0.272714
529, 370, 898, 898,0.2343, 0.164426
520, 342, 861, 861,0.212948, 0.139989
527, 383, 909, 909,0.240809, 0.176358
466, 386, 851, 851,0.188518, 0.156659
432, 337, 768, 768,0.141429, 0.110843
395, 523, 917, 917,0.184518, 0.242317
623, 548, 1170, 1170,0.460555, 0.404045
589, 380, 968, 968,0.305129, 0.198453
348, 494, 841, 841,0.140669, 0.196077
408, 664, 1071, 1071,0.257014, 0.415693
379, 343, 721, 721,0.111245, 0.100759
533, 651, 1183, 1183,0.402048, 0.498653
661, 642, 1302, 1302,0.602024, 0.582216
387, 342, 728, 728,0.11725, 0.10317
658, 625, 1282, 1282,0.57865, 0.550593
371, 491, 861, 861,0.151904, 0.199886
479, 380, 858, 858,0.195234, 0.158195
606, 469, 1074, 1074,0.38082, 0.295884
507, 556, 1062, 1062,0.317054, 0.346734
492, 426, 917, 917,0.230352, 0.197245
573, 650, 1222, 1222,0.484078, 0.526193
351, 386, 736, 736,0.107484, 0.115951
506, 599, 1104, 1104,0.335403, 0.397192
370, 366, 735, 735,0.112099, 0.111034
529, 518, 1046, 1046,0.317605, 0.30996
426, 610, 1035, 1035,0.24834, 0.357219
422, 554, 975, 975,0.222436, 0.28897
371, 593, 963, 963,0.192746, 0.302403
428, 472, 899, 899,0.19218, 0.212171
429, 487, 915, 915,0.198603, 0.22716
524, 632, 1155, 1155,0.379869, 0.456267
371, 650, 1020, 1020,0.214843, 0.369031
436, 428, 863, 863,0.177975, 0.173781
477, 370, 846, 846,0.190443, 0.148271
429, 658, 1086, 1086,0.27445, 0.420034
381, 639, 1019, 1019,0.217482, 0.36125
537, 390, 926, 926,0.252203, 0.183642
510, 502, 1011, 1011,0.289574, 0.283187
380, 391, 770, 770,0.126125, 0.130726
644, 649, 1292, 1292,0.57571, 0.577877
515, 398, 912, 912,0.238379, 0.183082
391, 511, 901, 901,0.178335, 0.232677
474, 607, 1080, 1080,0.304491, 0.386153
610, 460, 1069, 1069,0.38042, 0.287906
547, 447, 993, 993,0.293409, 0.240292
628, 403, 1030, 1030,0.362716, 0.235363
344, 472, 815, 815,0.128241, 0.174744
513, 475, 987, 987,0.275493, 0.254136
589, 334, 922, 922,0.275216, 0.158019
612, 588, 1199, 1199,0.470894, 0.453743
446, 615, 1060, 1060,0.276393, 0.38011
407, 404, 810, 810,0.149655, 0.149256
374, 493, 866, 866,0.155379, 0.204031
395, 607, 1001, 1001,0.219691, 0.330945
344, 442, 785, 785,0.119281, 0.152277
387, 342, 728, 728,0.117805, 0.103265
495, 485, 979, 979,0.261536, 0.255797
395, 342, 736, 736,0.119391, 0.104459
482, 429, 910, 910,0.218531, 0.197319
407, 611, 1017, 1017,0.232855, 0.34521
339, 381, 719, 719,0.0993168, 0.112648
615, 646, 1260, 1260,0.520098, 0.548663
514, 649, 1162, 1162,0.377778, 0.474684
460, 370, 829, 829,0.176178, 0.140294
562, 340, 901, 901,0.252476, 0.154793
388, 511, 898, 898,0.174523, 0.227808
426, 432, 857, 857,0.172109, 0.176475
539, 388, 926, 926,0.250711, 0.18355
428, 464, 891, 891,0.187516, 0.205019
567, 409, 975, 975,0.294487, 0.214273
340, 484, 823, 823,0.13127, 0.184605
536, 357, 892, 892,0.235288, 0.157984
530, 599, 1128, 1128,0.369003, 0.414214
488, 447, 934, 934,0.23787, 0.217514
527, 613, 1139, 1139,0.375718, 0.432779
530, 533, 1062, 1062,0.328427, 0.330519
397, 554, 950, 950,0.197729, 0.27671
518, 405, 922, 922,0.243553, 0.189749
659, 507, 1165, 1165,0.483753, 0.375822
461, 388, 848, 848,0.182027, 0.155073
619, 475, 1093, 1093,0.401572, 0.309859
531, 383, 913, 913,0.243717, 0.176367
528, 482, 1009, 1009,0.293214, 0.268186
434, 567, 1000, 1000,0.239472, 0.312252
595, 622, 1216, 1216,0.468826, 0.487218
627, 484, 1110, 1110,0.419391, 0.329375
480, 367, 846, 846,0.191626, 0.146597
379, 385, 763, 763,0.123602, 0.124891
438, 335, 772, 772,0.148367, 0.115245
434, 428, 861, 861,0.179494, 0.175572
472, 397, 868, 868,0.19913, 0.167668
464, 454, 917, 917,0.215796, 0.211948
607, 607, 1213, 1213,0.476608, 0.476266
421, 605, 1025, 1025,0.241189, 0.345274
353, 411, 763, 763,0.116552, 0.135855
385, 595, 979, 979,0.203259, 0.313056
466, 434, 899, 899,0.209245, 0.195948
607, 506, 1112, 1112,0.407589, 0.337402
589, 411, 999, 999,0.321752, 0.226362
553, 371, 923, 923,0.260176, 0.175545
421, 432, 852, 852,0.171726, 0.174761
472, 362, 833, 833,0.180037, 0.137945
552, 371, 922, 922,0.25849, 0.17591
654, 358, 1011, 1011,0.367744, 0.202256
617, 421, 1037, 1037,0.360805, 0.246753
511, 558, 1068, 1068,0.318062, 0.348374
470, 482, 951, 951,0.23561, 0.242055
516, 642, 1157, 1157,0.377242, 0.468348
649, 545, 1193, 1193,0.499974, 0.419363
340, 428, 767, 767,0.113483, 0.14137
340, 363, 702, 702,0.0952739, 0.101661
377, 379, 755, 755,0.122191, 0.122479
419, 610, 1028, 1028,0.244357, 0.3553
447, 538, 984, 984,0.240441, 0.285051
557, 579, 1135, 1135,0.38863, 0.403821
629, 569, 1197, 1197,0.485438, 0.443198
342, 438, 779, 779,0.116201, 0.149239
500, 569, 1068, 1068,0.310499, 0.353863
653, 343, 995, 995,0.356305, 0.18886
617, 372, 988, 988,0.326788, 0.198845
434, 367, 800, 800,0.155907, 0.130716
428, 460, 887, 887,0.188199, 0.202387
403, 563, 965, 965,0.208628, 0.288592
558, 441, 998, 998,0.341397, 0.245402
570, 623, 1192, 1192,0.438709, 0.477275
525, 601, 1125, 1125,0.364227, 0.414026
425, 342, 766, 766,0.140668, 0.112177
388, 454, 841, 841,0.154809, 0.180369
467, 586, 1052, 1052,0.280522, 0.351511
664, 446, 1109, 1109,0.447896, 0.302322
433, 515, 947, 947,0.214425, 0.255201
396, 472, 867, 867,0.167412, 0.199223
654, 439, 1092, 1092,0.427879, 0.289139
605, 494, 1098, 1098,0.399505, 0.326668
418, 365, 782, 782,0.143776, 0.125494
474, 346, 819, 819,0.177835, 0.1321
589, 342, 930, 930,0.278176, 0.162354
584, 577, 1160, 1160,0.42499, 0.421308
351, 350, 700, 700,0.098196, 0.0976334
469, 337, 805, 805,0.170459, 0.123597
559, 602, 1160, 1160,0.409287, 0.440571
410, 439, 848, 848,0.162787, 0.17535
490, 432, 921, 921,0.229408, 0.201485
455, 429, 883, 883,0.197791, 0.186138
446, 466, 911, 911,0.203098, 0.211609
386, 383, 768, 768,0.125821, 0.125247
515, 603, 1117, 1117,0.348601, 0.412398
587, 666, 1252, 1252,0.513014, 0.608488
359, 384, 742, 742,0.142049, 0.124727
505, 502, 1006, 1006,0.286539, 0.280899
476, 406, 881, 881,0.205161, 0.176189
347, 337, 683, 683,0.0931364, 0.0904442
474, 396, 869, 869,0.20093, 0.169276
603, 647, 1249, 1249,0.503447, 0.538424
586, 620, 1205, 1205,0.473504, 0.49199
465, 394, 858, 858,0.241554, 0.207668
400, 595, 994, 994,0.21703, 0.327292
439, 421, 859, 859,0.179924, 0.172866
605, 513, 1117, 1117,0.408946, 0.345437
607, 398, 1004, 1004,0.336916, 0.223245
421, 617, 1037, 1037,0.249294, 0.361925
410, 569, 978, 978,0.21841, 0.304869
407, 574, 980, 980,0.216666, 0.304621
352, 396, 747, 747,0.113263, 0.125818
347, 355, 701, 701,0.0966812, 0.0989331
509, 506, 1014, 1014,0.288175, 0.287022
415, 422, 836, 836,0.162546, 0.166455
509, 664, 1172, 1172,0.380698, 0.498385
613, 664, 1276, 1276,0.678798, 0.638115
410, 482, 891, 891,0.181999, 0.210939
402, 371, 772, 772,0.13671, 0.128614
521, 355, 875, 875,0.221974, 0.152097
486, 450, 935, 935,0.235085, 0.218556
450, 339, 788, 788,0.157939, 0.11939
628, 342, 969, 969,0.324777, 0.177116
387, 464, 850, 850,0.155774, 0.18907
562, 343, 904, 904,0.255015, 0.156417
374, 442, 815, 815,0.139499, 0.16467
417, 600, 1016, 1016,0.237052, 0.340434
518, 343, 860, 860,0.212649, 0.14168
506, 366, 871, 871,0.214859, 0.157383
537, 605, 1141, 1141,0.381066, 0.431159
370, 357, 726, 726,0.111754, 0.107897
567, 452, 1018, 1018,0.338312, 0.289022
577, 515, 1091, 1091,0.37866, 0.337122
352, 369, 720, 720,0.117521, 0.119362
488, 352, 839, 839,0.193254, 0.13921
513, 382, 894, 894,0.225442, 0.167577
386, 369, 754, 754,0.122853, 0.118112
661, 569, 1229, 1229,0.537568, 0.467866
601, 380, 980, 980,0.31848, 0.203481
599, 664, 1262, 1262,0.51612, 0.570048
358, 562, 919, 919,0.168616, 0.261839
446, 556, 1001, 1001,0.245156, 0.305827
565, 517, 1081, 1081,0.361488, 0.331676
474, 434, 907, 907,0.215288, 0.197607
663, 338, 1000, 1000,0.365506, 0.187111
621, 490, 1110, 1110,0.419088, 0.330624
387, 628, 1014, 1014,0.218609, 0.354695
385, 599, 983, 983,0.208985, 0.32465
574, 378, 951, 951,0.292014, 0.189115
360, 533, 892, 892,0.160652, 0.236426
360, 576, 935, 935,0.175896, 0.279347
448, 500, 947, 947,0.221073, 0.247598
366, 601, 966, 966,0.192771, 0.3115
641, 385, 1025, 1025,0.363827, 0.218639
419, 408, 826, 826,0.159935, 0.154366
380, 441, 820, 820,0.144076, 0.1669
599, 539, 1137, 1137,0.417413, 0.384382
439, 552, 990, 990,0.268748, 0.295731
595, 603, 1197, 1197,0.45745, 0.467421
457, 632, 1088, 1088,0.294371, 0.402071
589, 546, 1134, 1134,0.410063, 0.379112
491, 394, 884, 884,0.2138, 0.174166
661, 458, 1118, 1118,0.45234, 0.309121
477, 610, 1086, 1086,0.30577, 0.387521
357, 374, 730, 730,0.108648, 0.113148
447, 521, 967, 967,0.231502, 0.272336
388, 633, 1020, 1020,0.246213, 0.438448
465, 388, 852, 852,0.196444, 0.162842
554, 338, 891, 891,0.269598, 0.149359
390, 382, 771, 771,0.130768, 0.12902
378, 579, 956, 956,0.18931, 0.290252
425, 493, 917, 917,0.200962, 0.231551
432, 471, 902, 902,0.195708, 0.214064
658, 502, 1159, 1159,0.480641, 0.368118
544, 665, 1208, 1208,0.428154, 0.527845
513, 430, 942, 942,0.246759, 0.208802
388, 389, 776, 776,0.133253, 0.131618
559, 536, 1094, 1094,0.366768, 0.35064
466, 397, 862, 862,0.190967, 0.162452
336, 380, 715, 715,0.100123, 0.111582
397, 549, 945, 945,0.196351, 0.281678
338, 509, 846, 846,0.134695, 0.201446
610, 584, 1193, 1193,0.478465, 0.461653
628, 534, 1161, 1161,0.454315, 0.390243
448, 387, 834, 834,0.172767, 0.147937
633, 531, 1163, 1163,0.46313, 0.390298
447, 457, 903, 903,0.201215, 0.207006
663, 338, 1000, 1000,0.364832, 0.185959
484, 494, 977, 977,0.250665, 0.259017
445, 407, 851, 851,0.181755, 0.166156
579, 477, 1055, 1055,0.351249, 0.28859
446, 389, 834, 834,0.172476, 0.149516
355, 559, 913, 913,0.163567, 0.255159
601, 516, 1116, 1116,0.404772, 0.350198
592, 376, 967, 967,0.306621, 0.195967
628, 370, 997, 997,0.342839, 0.203828
636, 358, 993, 993,0.339438, 0.191736
444, 577, 1020, 1020,0.253054, 0.329194
394, 636, 1029, 1029,0.232579, 0.372489
494, 653, 1146, 1146,0.355213, 0.467855
582, 425, 1006, 1006,0.320011, 0.234542
442, 394, 835, 835,0.174365, 0.156056
584, 451, 1034, 1034,0.343084, 0.265556
343, 372, 714, 714,0.101279, 0.108007
552, 537, 1088, 1088,0.355203, 0.343192
636, 544, 1179, 1179,0.488482, 0.405954
583, 589, 1171, 1171,0.435887, 0.437979
455, 576, 1030, 1030,0.268345, 0.338374
388, 516, 903, 903,0.177842, 0.234191
484, 613, 1096, 1096,0.320279, 0.402874
446, 530, 975, 975,0.234459, 0.278166
624, 455, 1078, 1078,0.395897, 0.290969
350, 336, 685, 685,0.093261, 0.0892272
464, 505, 968, 968,0.241963, 0.264396
450, 603, 1052, 1052,0.272805, 0.366748
560, 565, 1124, 1124,0.386432, 0.389802
367, 570, 936, 936,0.178885, 0.275066
399, 388, 786, 786,0.13941, 0.134432
458, 371, 828, 828,0.173731, 0.143174
346, 499, 844, 844,0.13909, 0.198374
459, 386, 844, 844,0.182127, 0.153322
371, 384, 754, 754,0.119617, 0.124214
380, 528, 907, 907,0.174529, 0.240128
387, 454, 840, 840,0.154904, 0.180431
429, 562, 990, 990,0.232178, 0.302464
351, 391, 741, 741,0.110722, 0.122918
426, 415, 840, 840,0.16687, 0.16238
627, 371, 997, 997,0.340666, 0.206252
631, 545, 1175, 1175,0.472891, 0.409563
506, 551, 1056, 1056,0.306091, 0.334776
595, 482, 1076, 1076,0.378311, 0.306616
358, 616, 973, 973,0.187221, 0.319862
341, 527, 867, 867,0.145137, 0.222857
523, 574, 1096, 1096,0.345946, 0.376808
537, 574, 1110, 1110,0.362633, 0.387625
445, 380, 824, 824,0.171057, 0.145594
448, 606, 1053, 1053,0.268726, 0.363861
374, 441, 814, 814,0.140629, 0.163698
459, 429, 887, 887,0.202288, 0.188423
369, 346, 714, 714,0.107709, 0.101378
470, 361, 830, 830,0.179676, 0.13854
432, 371, 802, 802,0.15585, 0.134307
465, 345, 809, 809,0.172225, 0.12715
603, 338, 940, 940,0.291121, 0.164087
629, 524, 1152, 1152,0.447433, 0.373873
427, 429, 855, 855,0.17343, 0.176584
340, 374, 713, 713,0.100125, 0.109404
445, 460, 904, 904,0.201715, 0.208456
541, 395, 935, 935,0.26132, 0.193211
380, 397, 776, 776,0.130097, 0.133693
539, 419, 957, 957,0.266683, 0.209615
339, 397, 735, 735,0.102157, 0.121128
556, 405, 960, 960,0.280277, 0.20478
458, 469, 926, 926,0.213895, 0.2189
433, 444, 876, 876,0.183645, 0.188178
389, 610, 998, 998,0.213756, 0.334
537, 342, 878, 878,0.230539, 0.147152
348, 397, 744, 744,0.111676, 0.127054
483, 452, 934, 934,0.233969, 0.219492
343, 649, 991, 991,0.185128, 0.346612
565, 583, 1147, 1147,0.403455, 0.419318
390, 642, 1031, 1031,0.229884, 0.376535
647, 465, 1111, 1111,0.439294, 0.314749
586, 343, 928, 928,0.275172, 0.162339
654, 413, 1066, 1066,0.409053, 0.257014
397, 577, 973, 973,0.206506, 0.301006
586, 425, 1010, 1010,0.323086, 0.237995
343, 421, 763, 763,0.114179, 0.139754
354, 369, 722, 722,0.105164, 0.109876
451, 496, 946, 946,0.224366, 0.246316
664, 633, 1296, 1296,0.600756, 0.574318
502, 337, 838, 838,0.197994, 0.132884
482, 663, 1144, 1144,0.343386, 0.470115
364, 446, 809, 809,0.135907, 0.164653
343, 500, 842, 842,0.137209, 0.197319
419, 447, 865, 865,0.172089, 0.183739
606, 636, 1241, 1241,0.502628, 0.52762
336, 364, 699, 699,0.0945474, 0.101257
583, 432, 1014, 1014,0.331555, 0.245314
465, 469, 933, 933,0.223588, 0.224917
387, 464, 850, 850,0.155943, 0.187708
432, 457, 888, 888,0.1893, 0.198794
586, 421, 1006, 1006,0.320998, 0.23146
453, 371, 823, 823,0.172612, 0.143366
336, 405, 740, 740,0.106557, 0.126735
365, 370, 734, 734,0.110591, 0.110724
472, 370, 841, 841,0.189667, 0.147384
491, 560, 1050, 1050,0.295281, 0.336035
462, 531, 992, 992,0.247743, 0.286316
418, 465, 882, 882,0.180976, 0.201692
337, 388, 724, 724,0.101686, 0.117336
382, 520, 901, 901,0.172265, 0.233916
537, 360, 896, 896,0.236037, 0.160802
459, 419, 877, 877,0.19491, 0.177334
362, 461, 822, 822,0.137854, 0.175904
582, 441, 1022, 1022,0.326593, 0.249936
396, 595, 990, 990,0.212072, 0.316945
514, 495, 1008, 1008,0.286212, 0.27589
416, 663, 1078, 1078,0.266327, 0.420872
360, 414, 773, 773,0.123484, 0.141063
361, 488, 848, 848,0.14429, 0.193267
344, 450, 793, 793,0.122297, 0.159087
429, 645, 1073, 1073,0.27059, 0.404263
607, 482, 1088, 1088,0.387688, 0.310878
438, 644, 1081, 1081,0.280229, 0.410395
399, 370, 768, 768,0.131853, 0.121572
456, 436, 891, 891,0.200565, 0.191283
666, 642, 1307, 1307,0.609511, 0.588628
523, 545, 1067, 1067,0.324442, 0.338545
531, 633, 1163, 1163,0.390618, 0.463071
374, 374, 747, 747,0.118469, 0.11833
500, 373, 872, 872,0.211368, 0.158355
583, 567, 1149, 1149,0.415328, 0.403683
658, 452, 1109, 1109,0.441198, 0.306188
530, 457, 986, 986,0.285304, 0.24841
652, 649, 1300, 1300,0.59366, 0.588671
649, 580, 1228, 1228,0.523467, 0.472089
369, 452, 820, 820,0.141303, 0.171271
653, 405, 1057, 1057,0.39449, 0.244598
616, 556, 1171, 1171,0.456828, 0.417521
519, 537, 1055, 1055,0.312156, 0.32447
472, 464, 935, 935,0.229692, 0.22514
615, 589, 1203, 1203,0.476877, 0.457956
589, 490, 1078, 1078,0.374439, 0.312191
338, 384, 721, 721,0.0996942, 0.112889
662, 363, 1024, 1024,0.37697, 0.209943
494, 537, 1030, 1030,0.292341, 0.315082
556, 574, 1129, 1129,0.391255, 0.396269
598, 411, 1008, 1008,0.330796, 0.229774
364, 382, 745, 745,0.115808, 0.119823
490, 471, 960, 960,0.245039, 0.235487
518, 563, 1080, 1080,0.330992, 0.354704
590, 535, 1124, 1124,0.407789, 0.37107
469, 547, 1015, 1015,0.269007, 0.311304
404, 665, 1068, 1068,0.252315, 0.416588
626, 338, 963, 963,0.320617, 0.172706
576, 370, 945, 945,0.279276, 0.181307
340, 610, 949, 949,0.170742, 0.3012
421, 569, 989, 989,0.230549, 0.308732
528, 471, 998, 998,0.292767, 0.259855
459, 434, 892, 892,0.201402, 0.190656
416, 401, 816, 816,0.154283, 0.149539
380, 377, 756, 756,0.124219, 0.122502
428, 358, 785, 785,0.146819, 0.122837
376, 469, 844, 844,0.148849, 0.187139
541, 343, 883, 883,0.235474, 0.149917
549, 371, 919, 919,0.256655, 0.177118
344, 561, 904, 904,0.158041, 0.253756
543, 476, 1018, 1018,0.309003, 0.270062
570, 617, 1186, 1186,0.433966, 0.468064
577, 369, 945, 945,0.282436, 0.181974
653, 623, 1275, 1275,0.570886, 0.542205
494, 398, 891, 891,0.217242, 0.174341
497, 377, 873, 873,0.213824, 0.162616
369, 556, 924, 924,0.176385, 0.26161
422, 361, 782, 782,0.144684, 0.123974
513, 536, 1048, 1048,0.31028, 0.322681
419, 348, 766, 766,0.137915, 0.115105
387, 653, 1039, 1039,0.227583, 0.384612
506, 371, 876, 876,0.215415, 0.157617
375, 642, 1016, 1016,0.214412, 0.365462
484, 601, 1084, 1084,0.309816, 0.381789
416, 537, 952, 952,0.208038, 0.267087
527, 376, 902, 902,0.241764, 0.172231
650, 627, 1276, 1276,0.565298, 0.542218
449, 384, 832, 832,0.171438, 0.146748
434, 471, 904, 904,0.199094, 0.214387
385, 451, 835, 835,0.150954, 0.175527
378, 457, 834, 834,0.148481, 0.180093
413, 394, 806, 806,0.153941, 0.14669
452, 425, 876, 876,0.192947, 0.182923
533, 428, 960, 960,0.267392, 0.216174
458, 536, 993, 993,0.244215, 0.285916
598, 544, 1141, 1141,0.421982, 0.383351
352, 587, 938, 938,0.170865, 0.283131
502, 352, 853, 853,0.204132, 0.143451
465, 457, 921, 921,0.218084, 0.213584
348, 491, 838, 838,0.139297, 0.192747
461, 401, 861, 861,0.187852, 0.165485
651, 337, 987, 987,0.346542, 0.182671
481, 334, 814, 814,0.177059, 0.125806
402, 386, 787, 787,0.1409, 0.134529
457, 504, 960, 960,0.23072, 0.25155
563, 607, 1169, 1169,0.414667, 0.443395
448, 369, 816, 816,0.166308, 0.135875
659, 343, 1001, 1001,0.366468, 0.191243
429, 348, 776, 776,0.145675, 0.119518
370, 628, 997, 997,0.202825, 0.344773
385, 583, 967, 967,0.199276, 0.301515
607, 454, 1060, 1060,0.375518, 0.282123
340, 351, 690, 690,0.094101, 0.0972027
346, 434, 779, 779,0.119239, 0.148167
350, 447, 796, 796,0.124462, 0.158893
425, 469, 893, 893,0.18578, 0.20491
461, 472, 932, 932,0.22067, 0.227186
409, 542, 950, 950,0.204377, 0.270718
642, 516, 1157, 1157,0.471099, 0.375948
402, 484, 885, 885,0.177077, 0.212927
653, 509, 1161, 1161,0.477801, 0.374762
451, 640, 1090, 1090,0.290835, 0.411817
370, 550, 919, 919,0.175127, 0.258817
359, 642, 1000, 1000,0.20087, 0.354253
636, 477, 1112, 1112,0.4284, 0.324895
423, 376, 798, 798,0.15103, 0.133587
388, 342, 729, 729,0.118121, 0.103391
583, 624, 1206, 1206,0.4631, 0.492006
374, 419, 792, 792,0.133988, 0.148955
370, 472, 841, 841,0.146642, 0.187862
652, 432, 1083, 1083,0.415042, 0.276035
547, 384, 930, 930,0.260682, 0.183329
444, 532, 975, 975,0.232616, 0.276552
519, 604, 1122, 1122,0.354312, 0.414172
355, 486, 840, 840,0.141859, 0.191461
411, 361, 771, 771,0.137332, 0.121576
516, 480, 995, 995,0.281563, 0.263474
392, 433, 824, 824,0.151551, 0.165521
404, 422, 825, 825,0.156338, 0.163705
371, 612, 982, 982,0.19947, 0.32354
369, 471, 839, 839,0.14849, 0.186747
369, 343, 711, 711,0.10636, 0.099226
384, 595, 978, 978,0.204643, 0.312597
501, 374, 874, 874,0.214161, 0.159178
417, 631, 1047, 1047,0.2511, 0.37936
658, 482, 1139, 1139,0.467939, 0.33971
367, 490, 856, 856,0.151337, 0.199884
417, 373, 789, 789,0.147723, 0.132029
571, 516, 1086, 1086,0.36532, 0.330263
394, 363, 756, 756,0.127251, 0.119213
534, 446, 979, 979,0.283392, 0.237174
619, 665, 1283, 1283,0.548731, 0.593235
658, 466, 1123, 1123,0.455244, 0.325838
488, 533, 1020, 1020,0.278349, 0.30504
584, 627, 1210, 1210,0.461585, 0.496169
520, 552, 1071, 1071,0.323918, 0.34251
417, 351, 767, 767,0.136623, 0.116598
374, 618, 991, 991,0.202668, 0.332915
421, 405, 825, 825,0.160064, 0.154269
401, 567, 967, 967,0.208745, 0.294515
610, 662, 1271, 1271,0.530174, 0.574801
384, 529, 912, 912,0.177204, 0.242348
419, 658, 1076, 1076,0.268353, 0.418421
507, 577, 1083, 1083,0.32596, 0.369371
466, 381, 846, 846,0.187683, 0.15373
340, 617, 956, 956,0.173291, 0.310733
404, 589, 992, 992,0.219168, 0.314983
503, 407, 909, 909,0.228743, 0.18476
377, 493, 869, 869,0.159687, 0.208307
407, 445, 851, 851,0.166388, 0.180699
426, 351, 776, 776,0.143582, 0.12127
341, 344, 684, 684,0.092377, 0.0917521
419, 377, 795, 795,0.14879, 0.133569
374, 383, 756, 756,0.122274, 0.126416
537, 447, 983, 983,0.285968, 0.237842
583, 419, 1001, 1001,0.323101, 0.231952
339, 553, 891, 891,0.148287, 0.243689
338, 537, 874, 874,0.14405, 0.225847
623, 461, 1083, 1083,0.396736, 0.292782
543, 578, 1120, 1120,0.370059, 0.390632
429, 514, 942, 942,0.208573, 0.24857
395, 639, 1033, 1033,0.23525, 0.376604
393, 473, 865, 865,0.162765, 0.194984
334, 484, 817, 817,0.125253, 0.177725
457, 417, 873, 873,0.192103, 0.176064
589, 617, 1205, 1205,0.462239, 0.482793
497, 651, 1147, 1147,0.356573, 0.459688
562, 337, 898, 898,0.252265, 0.150446
446, 417, 862, 862,0.183026, 0.169581
507, 623, 1129, 1129,0.352602, 0.432779
386, 427, 812, 812,0.143679, 0.158212
346, 569, 914, 914,0.161731, 0.261854
339, 607, 945, 945,0.165167, 0.295294
457, 507, 963, 963,0.235958, 0.260626
610, 506, 1115, 1115,0.41262, 0.341987
658, 388, 1045, 1045,0.39629, 0.235746
524, 361, 884, 884,0.229597, 0.160566
396, 513, 908, 908,0.180148, 0.232068
442, 426, 867, 867,0.18358, 0.176026
344, 612, 955, 955,0.174237, 0.304341
628, 583, 1210, 1210,0.496142, 0.460863
537, 520, 1056, 1056,0.326109, 0.314245
418, 481, 898, 898,0.185842, 0.213446
654, 347, 1000, 1000,0.359542, 0.190345
515, 448, 962, 962,0.263503, 0.229488
382, 471, 852, 852,0.154934, 0.192213
565, 441, 1005, 1005,0.312619, 0.246218
574, 432, 1005, 1005,0.314348, 0.239582
462, 414, 875, 875,0.196411, 0.177294
533, 435, 967, 967,0.276679, 0.22714
636, 511, 1146, 1146,0.457337, 0.364833
403, 370, 772, 772,0.137176, 0.125002
507, 373, 879, 879,0.216147, 0.159775
554, 428, 981, 981,0.29449, 0.226697
371, 345, 715, 715,0.108875, 0.102176
548, 537, 1084, 1084,0.353016, 0.343771
628, 443, 1070, 1070,0.392343, 0.275329
642, 635, 1276, 1276,0.560121, 0.553763
631, 537, 1167, 1167,0.465214, 0.396136
506, 358, 863, 863,0.208101, 0.147046
531, 569, 1099, 1099,0.351172, 0.374114
536, 348, 883, 883,0.231577, 0.151513
661, 456, 1116, 1116,0.449402, 0.312433
635, 426, 1060, 1060,0.392028, 0.261073
589, 660, 1248, 1248,0.490301, 0.547666
593, 577, 1169, 1169,0.436491, 0.426909
569, 385, 953, 953,0.283471, 0.191799
551, 386, 936, 936,0.268571, 0.188177
516, 364, 879, 879,0.220139, 0.153673
583, 419, 1001, 1001,0.323381, 0.23164
369, 404, 772, 772,0.126103, 0.137565
395, 387, 781, 781,0.134837, 0.131572
450, 583, 1032, 1032,0.261275, 0.341555
513, 537, 1049, 1049,0.309395, 0.32529
388, 589, 976, 976,0.202982, 0.307025
625, 408, 1032, 1032,0.368677, 0.239558
537, 613, 1149, 1149,0.383606, 0.438438
472, 537, 1008, 1008,0.264796, 0.299258
629, 568, 1196, 1196,0.486451, 0.441286
465, 618, 1082, 1082,0.298069, 0.396206
577, 362, 938, 938,0.281075, 0.178768
529, 610, 1138, 1138,0.372627, 0.426459
653, 665, 1317, 1317,0.607541, 0.621582
560, 628, 1187, 1187,0.429356, 0.479426
658, 343, 1000, 1000,0.363888, 0.191392
639, 391, 1029, 1029,0.370424, 0.22698
355, 477, 831, 831,0.136852, 0.184467
371, 341, 711, 711,0.108013, 0.0996431
513, 607, 1119, 1119,0.343908, 0.409389
380, 456, 835, 835,0.147959, 0.177776
518, 660, 1177, 1177,0.388548, 0.494796
462, 428, 889, 889,0.202006, 0.189037
497, 390, 886, 886,0.217553, 0.171094
573, 467, 1039, 1039,0.343452, 0.341068
582, 599, 1180, 1180,0.451811, 0.456351
370, 417, 786, 786,0.129093, 0.14567
364, 338, 701, 701,0.101387, 0.0949839
465, 557, 1021, 1021,0.271987, 0.32879
462, 383, 844, 844,0.185952, 0.153377
334, 399, 732, 732,0.103689, 0.122457
398, 403, 800, 800,0.144174, 0.147694
495, 432, 926, 926,0.239353, 0.21395
617, 552, 1168, 1168,0.461492, 0.406443
448, 538, 985, 985,0.242285, 0.288527
355, 646, 1000, 1000,0.200618, 0.355606
474, 365, 838, 838,0.211572, 0.147023
398, 339, 736, 736,0.121404, 0.105502
588, 618, 1205, 1205,0.463925, 0.499443
556, 653, 1208, 1208,0.442085, 0.517741
342, 391, 732, 732,0.104305, 0.11784
376, 642, 1017, 1017,0.215504, 0.366961
348, 419, 766, 766,0.11618, 0.137873
502, 419, 920, 920,0.240045, 0.199067
495, 523, 1017, 1017,0.283605, 0.322391
380, 666, 1045, 1045,0.229381, 0.413461
477, 527, 1003, 1003,0.269742, 0.29759
413, 527, 939, 939,0.208, 0.263155
346, 412, 757, 757,0.116005, 0.137391
584, 385, 968, 968,0.30057, 0.201626
337, 336, 672, 672,0.086225, 0.0888134
363, 571, 933, 933,0.177366, 0.275767
442, 344, 785, 785,0.15213, 0.119288
647, 537, 1183, 1183,0.487776, 0.403722
347, 491, 837, 837,0.137329, 0.191212
343, 537, 879, 879,0.148591, 0.229599
506, 556, 1061, 1061,0.313913, 0.343519
647, 384, 1030, 1030,0.380133, 0.225932
636, 343, 978, 978,0.33654, 0.181515
484, 401, 884, 884,0.212448, 0.17667
639, 567, 1205, 1205,0.498961, 0.447543
385, 582, 966, 966,0.198641, 0.301037
417, 505, 921, 921,0.194786, 0.236813
586, 395, 980, 980,0.308078, 0.211769
343, 623, 965, 965,0.178533, 0.321588
520, 598, 1117, 1117,0.350322, 0.402454
601, 597, 1197, 1197,0.462038, 0.459131
592, 576, 1167, 1167,0.435695, 0.422263
527, 344, 870, 870,0.222823, 0.146617
574, 418, 991, 991,0.305862, 0.224556
662, 485, 1146, 1146,0.469398, 0.342935
399, 563, 961, 961,0.201956, 0.280055
523, 379, 901, 901,0.236101, 0.17209
610, 553, 1162, 1162,0.44333, 0.406017
409, 429, 837, 837,0.160741, 0.169419
431, 378, 808, 808,0.159698, 0.139979
414, 475, 888, 888,0.183135, 0.207005
586, 459, 1044, 1044,0.348281, 0.274775
493, 658, 1150, 1150,0.351704, 0.47139
599, 387, 985, 985,0.322748, 0.207303
461, 381, 841, 841,0.181892, 0.152968
586, 469, 1054, 1054,0.352394, 0.282394
583, 353, 935, 935,0.284098, 0.173119
542, 476, 1017, 1017,0.309234, 0.27076
432, 429, 860, 860,0.175949, 0.17429
339, 579, 917, 917,0.15741, 0.269689
363, 513, 875, 875,0.156271, 0.218678
624, 350, 973, 973,0.32001, 0.181914
475, 421, 895, 895,0.208706, 0.185844
610, 632, 1241, 1241,0.506988, 0.525404
589, 647, 1235, 1235,0.486693, 0.534782
497, 417, 913, 913,0.228078, 0.190699
399, 486, 884, 884,0.176076, 0.213239
351, 578, 928, 928,0.16714, 0.270974
465, 469, 933, 933,0.225571, 0.226011
344, 574, 917, 917,0.160905, 0.267286
438, 610, 1047, 1047,0.26361, 0.367955
380, 621, 1000, 1000,0.209784, 0.341929
351, 647, 997, 997,0.19463, 0.35573
562, 347, 908, 908,0.255021, 0.157293
445, 371, 815, 815,0.165258, 0.137835
343, 633, 975, 975,0.181726, 0.330952
505, 632, 1136, 1136,0.355231, 0.437906
664, 623, 1286, 1286,0.588232, 0.554925
410, 338, 747, 747,0.131104, 0.107551
641, 480, 1120, 1120,0.432992, 0.32493
344, 371, 714, 714,0.101571, 0.108039
463, 344, 806, 806,0.170334, 0.126076
397, 342, 738, 738,0.122771, 0.104773
415, 507, 921, 921,0.193766, 0.236569
367, 455, 821, 821,0.140527, 0.172523
347, 355, 701, 701,0.0974336, 0.099504
563, 527, 1089, 1089,0.35852, 0.335309
527, 425, 951, 951,0.263397, 0.215085
484, 336, 819, 819,0.194205, 0.129776
422, 516, 937, 937,0.21443, 0.253066
639, 467, 1105, 1105,0.419824, 0.310063
604, 589, 1192, 1192,0.466374, 0.453658
661, 579, 1239, 1239,0.548869, 0.481899
391, 533, 923, 923,0.185712, 0.251782
622, 342, 963, 963,0.318694, 0.175501
433, 365, 797, 797,0.154959, 0.130821
585, 452, 1036, 1036,0.341045, 0.264756
419, 340, 758, 758,0.137392, 0.112221
556, 583, 1138, 1138,0.390829, 0.412044
546, 624, 1169, 1169,0.400618, 0.457836
397, 384, 780, 780,0.134579, 0.131553
366, 507, 872, 872,0.156083, 0.21503
386, 407, 792, 792,0.136008, 0.1426
467, 338, 804, 804,0.171125, 0.124353
562, 531, 1092, 1092,0.368086, 0.348195
515, 662, 1176, 1176,0.386326, 0.493467
563, 337, 899, 899,0.25359, 0.151808
619, 447, 1065, 1065,0.385126, 0.280929
518, 589, 1106, 1106,0.348438, 0.39536
466, 378, 843, 843,0.184636, 0.150776
337, 374, 710, 710,0.0978564, 0.108189
569, 513, 1081, 1081,0.362458, 0.327566
467, 377, 843, 843,0.186126, 0.149662
572, 577, 1148, 1148,0.406485, 0.410638
552, 467, 1018, 1018,0.312475, 0.263871
470, 495, 964, 964,0.243614, 0.25527
425, 540, 964, 964,0.220632, 0.277385
380, 348, 727, 727,0.116669, 0.105629
560, 515, 1074, 1074,0.354222, 0.324418
468, 664, 1131, 1131,0.326514, 0.462098
488, 432, 919, 919,0.228475, 0.201624
415, 348, 762, 762,0.136797, 0.115438
430, 429, 858, 858,0.175872, 0.175972
599, 592, 1190, 1190,0.460278, 0.453015
448, 451, 898, 898,0.197028, 0.199795
474, 344, 817, 817,0.175419, 0.12819
482, 515, 996, 996,0.271786, 0.284911
396, 467, 862, 862,0.164815, 0.192309
344, 493, 836, 836,0.137656, 0.19282
548, 472, 1019, 1019,0.311768, 0.269645
398, 577, 974, 974,0.207782, 0.301828
348, 569, 916, 916,0.163214, 0.264892
434, 613, 1046, 1046,0.264344, 0.367421
558, 472, 1029, 1029,0.325713, 0.276755
475, 472, 946, 946,0.23332, 0.230829
457, 611, 1067, 1067,0.285772, 0.378066
421, 344, 764, 764,0.139457, 0.114558
640, 604, 1243, 1243,0.529999, 0.501599
336, 547, 882, 882,0.145065, 0.236584
389, 454, 842, 842,0.153771, 0.180996
560, 466, 1025, 1025,0.317428, 0.265291
432, 421, 852, 852,0.174863, 0.170088
353, 448, 800, 800,0.126501, 0.159021
472, 447, 918, 918,0.220328, 0.20627
577, 461, 1037, 1037,0.340131, 0.272023
494, 517, 1010, 1010,0.280096, 0.291392
419, 633, 1051, 1051,0.25463, 0.381104
659, 654, 1312, 1312,0.601886, 0.600448
371, 340, 710, 710,0.108699, 0.099221
525, 433, 957, 957,0.263842, 0.217485
533, 361, 893, 893,0.23469, 0.159568
426, 414, 839, 839,0.167284, 0.164412
478, 592, 1069, 1069,0.297965, 0.367617
541, 442, 982, 982,0.287044, 0.236842
386, 662, 1047, 1047,0.232531, 0.395585
592, 342, 933, 933,0.285737, 0.165097
466, 620, 1085, 1085,0.298667, 0.39373
476, 526, 1001, 1001,0.2629, 0.289402
584, 607, 1190, 1190,0.449912, 0.467297
512, 351, 862, 862,0.207371, 0.14347
646, 556, 1201, 1201,0.500921, 0.430103
654, 374, 1027, 1027,0.381974, 0.219542
527, 642, 1168, 1168,0.388371, 0.472843
345, 370, 714, 714,0.100877, 0.107624
465, 577, 1041, 1041,0.276216, 0.341659
415, 578, 992, 992,0.221967, 0.310068
521, 448, 968, 968,0.271149, 0.233549
401, 551, 951, 951,0.201919, 0.275082
401, 349, 749, 749,0.12759, 0.110983
380, 411, 790, 790,0.136529, 0.145667
511, 364, 874, 874,0.216371, 0.153419
589, 658, 1246, 1246,0.485394, 0.545936
556, 448, 1003, 1003,0.309918, 0.248382
533, 591, 1123, 1123,0.367713, 0.406404
554, 372, 925, 925,0.260875, 0.17777
607, 653, 1259, 1259,0.513474, 0.554865
556, 599, 1154, 1154,0.400749, 0.431592
604, 499, 1102, 1102,0.399247, 0.330222
664, 361, 1024, 1024,0.375109, 0.206481
531, 343, 873, 873,0.224421, 0.145632
452, 408, 859, 859,0.185911, 0.165902
636, 428, 1063, 1063,0.394997, 0.268224
447, 518, 964, 964,0.231587, 0.266132
397, 606, 1002, 1002,0.221316, 0.333149
350, 505, 854, 854,0.143774, 0.204935
485, 521, 1005, 1005,0.269434, 0.290224
501, 459, 959, 959,0.251113, 0.229889
561, 395, 955, 955,0.280278, 0.199578
363, 519, 881, 881,0.155567, 0.220506
384, 340, 723, 723,0.11583, 0.103024
439, 420, 858, 858,0.179319, 0.171868
401, 626, 1026, 1026,0.231979, 0.358662
593, 577, 1169, 1169,0.435828, 0.422295
515, 463, 977, 977,0.269373, 0.243255
388, 526, 913, 913,0.179621, 0.239376
480, 437, 916, 916,0.223682, 0.202412
365, 343, 707, 707,0.105086, 0.0986123
461, 378, 838, 838,0.182424, 0.149056
514, 469, 982, 982,0.274907, 0.252671
546, 419, 964, 964,0.278334, 0.215372
456, 428, 883, 883,0.198809, 0.186931
394, 565, 958, 958,0.199257, 0.283318
513, 537, 1049, 1049,0.30886, 0.323097
384, 448, 831, 831,0.147953, 0.170479
392, 409, 800, 800,0.139437, 0.144913
367, 437, 803, 803,0.133365, 0.157542
384, 506, 889, 889,0.169119, 0.223299
474, 557, 1030, 1030,0.281164, 0.32775
585, 460, 1044, 1044,0.347756, 0.277106
456, 387, 842, 842,0.180783, 0.153171
602, 370, 971, 971,0.313551, 0.193735
523, 563, 1085, 1085,0.335179, 0.358395
419, 384, 802, 802,0.151624, 0.140268
419, 538, 956, 956,0.210717, 0.268128
448, 528, 975, 975,0.233476, 0.275047
376, 483, 858, 858,0.155888, 0.19951
644, 366, 1009, 1009,0.355441, 0.203513
346, 382, 727, 727,0.106735, 0.11631
422, 399, 820, 820,0.159944, 0.151756
388, 465, 852, 852,0.15838, 0.189288
473, 432, 904, 904,0.225102, 0.201715
346, 395, 740, 740,0.109856, 0.125101
524, 362, 885, 885,0.228509, 0.15994
429, 458, 886, 886,0.186502, 0.198189
519, 556, 1074, 1074,0.326424, 0.348497
531, 562, 1092, 1092,0.346537, 0.369296
478, 351, 828, 828,0.181865, 0.13487
576, 536, 1111, 1111,0.386259, 0.360403
386, 448, 833, 833,0.145817, 0.168513
385, 406, 790, 790,0.137281, 0.143607
370, 645, 1014, 1014,0.210261, 0.36613
391, 536, 926, 926,0.184392, 0.25128
651, 371, 1021, 1021,0.370381, 0.210837
337, 502, 838, 838,0.135527, 0.198154
400, 607, 1006, 1006,0.222661, 0.335046
646, 662, 1307, 1307,0.591103, 0.604475
466, 437, 902, 902,0.211532, 0.196976
482, 455, 936, 936,0.233176, 0.220162
556, 375, 930, 930,0.262486, 0.17969
452, 422, 873, 873,0.192644, 0.180086
401, 513, 913, 913,0.184046, 0.235096
483, 433, 915, 915,0.225939, 0.200924
595, 425, 1019, 1019,0.335443, 0.242842
404, 460, 863, 863,0.164935, 0.188715
502, 583, 1084, 1084,0.321864, 0.374867
606, 458, 1063, 1063,0.374981, 0.282876
370, 470, 839, 839,0.147196, 0.185715
513, 338, 850, 850,0.206816, 0.135853
377, 490, 866, 866,0.15841, 0.203669
340, 539, 878, 878,0.147203, 0.227395
587, 593, 1179, 1179,0.438474, 0.444305
598, 520, 1117, 1117,0.403267, 0.350611
477, 584, 1060, 1060,0.295052, 0.363042
604, 548, 1151, 1151,0.432222, 0.38894
469, 568, 1036, 1036,0.276093, 0.332335
380, 485, 864, 864,0.156478, 0.199093
663, 496, 1158, 1158,0.485297, 0.364569
434, 579, 1012, 1012,0.247136, 0.325912
421, 617, 1037, 1037,0.246459, 0.361121
513, 454, 966, 966,0.262152, 0.234264
337, 617, 953, 953,0.169319, 0.307322
627, 447, 1073, 1073,0.392691, 0.277927
413, 391, 803, 803,0.149889, 0.141885
610, 437, 1046, 1046,0.363505, 0.261765
441, 662, 1102, 1102,0.292643, 0.434992
500, 420, 919, 919,0.23255, 0.195575
433, 604, 1036, 1036,0.254782, 0.354453
482, 519, 1000, 1000,0.266274, 0.286258
476, 592, 1067, 1067,0.295486, 0.36698
435, 530, 964, 964,0.225349, 0.272769
338, 452, 789, 789,0.118721, 0.158742
586, 344, 929, 929,0.271338, 0.163398
565, 392, 956, 956,0.282279, 0.196013
469, 340, 808, 808,0.174202, 0.124539
388, 582, 969, 969,0.202365, 0.298527
574, 450, 1023, 1023,0.326123, 0.256418
577, 450, 1026, 1026,0.334171, 0.25962
513, 343, 855, 855,0.211147, 0.144081
338, 496, 833, 833,0.130177, 0.189669
627, 484, 1110, 1110,0.422065, 0.324301
385, 394, 778, 778,0.131297, 0.134282
448, 518, 965, 965,0.23183, 0.266757
421, 428, 848, 848,0.166709, 0.168907
540, 473, 1012, 1012,0.305877, 0.265738
470, 578, 1047, 1047,0.285151, 0.34815
442, 507, 948, 948,0.222277, 0.253888
389, 419, 807, 807,0.142202, 0.15303
369, 413, 781, 781,0.127271, 0.141728
450, 421, 870, 870,0.189875, 0.177838
394, 421, 814, 814,0.146946, 0.154955
491, 474, 964, 964,0.25151, 0.243863
340, 371, 710, 710,0.0995225, 0.108314
344, 604, 947, 947,0.170218, 0.297264
465, 464, 928, 928,0.218412, 0.21937
628, 657, 1284, 1284,0.559326, 0.580267
488, 466, 953, 953,0.243587, 0.23381
388, 408, 795, 795,0.137734, 0.14304
408, 606, 1013, 1013,0.231764, 0.342031
664, 619, 1282, 1282,0.586613, 0.542627
342, 436, 777, 777,0.116811, 0.148424
467, 629, 1095, 1095,0.305144, 0.410459
552, 598, 1149, 1149,0.392474, 0.425538
418, 506, 923, 923,0.196917, 0.236906
467, 347, 813, 813,0.17247, 0.128302
454, 615, 1068, 1068,0.282707, 0.379212
438, 545, 982, 982,0.234663, 0.289403
455, 386, 840, 840,0.180348, 0.152149
593, 551, 1143, 1143,0.421924, 0.395356
472, 578, 1049, 1049,0.285535, 0.348049
649, 433, 1081, 1081,0.411567, 0.276212
579, 615, 1193, 1193,0.445621, 0.471661
429, 340, 768, 768,0.142203, 0.113583
495, 647, 1141, 1141,0.352241, 0.458818
462, 358, 819, 819,0.173804, 0.134718
496, 589, 1084, 1084,0.317561, 0.376169
469, 470, 938, 938,0.225961, 0.227686
558, 503, 1060, 1060,0.345214, 0.309069
595, 640, 1234, 1234,0.486675, 0.52389
662, 533, 1194, 1194,0.50732, 0.411355
432, 485, 916, 916,0.200474, 0.225104
424, 418, 841, 841,0.16709, 0.165456
449, 461, 909, 909,0.203734, 0.208416
528, 574, 1101, 1101,0.347525, 0.3761
377, 354, 730, 730,0.114653, 0.108412
533, 441, 973, 973,0.278249, 0.231436
537, 418, 954, 954,0.269077, 0.209331
421, 542, 962, 962,0.217213, 0.275948
647, 407, 1053, 1053,0.392727, 0.246405
395, 533, 927, 927,0.188287, 0.251362
524, 654, 1177, 1177,0.39305, 0.492026
464, 381, 844, 844,0.185623, 0.1519
413, 495, 907, 907,0.188897, 0.225175
387, 384, 770, 770,0.12817, 0.127531
394, 388, 781, 781,0.13541, 0.132865
421, 472, 892, 892,0.184071, 0.206257
433, 537, 969, 969,0.22506, 0.27755
521, 536, 1056, 1056,0.315462, 0.322894
549, 391, 939, 939,0.266524, 0.18937
459, 461, 919, 919,0.213377, 0.212989
604, 387, 990, 990,0.324715, 0.207818
509, 617, 1125, 1125,0.351104, 0.422966
420, 411, 830, 830,0.160119, 0.154906
351, 498, 848, 848,0.141793, 0.196707
398, 417, 814, 814,0.149547, 0.153766
589, 664, 1252, 1252,0.500057, 0.596154
551, 339, 889, 889,0.244087, 0.150068
636, 604, 1239, 1239,0.527361, 0.500806
620, 513, 1132, 1132,0.429348, 0.357546
501, 464, 964, 964,0.257943, 0.239364
498, 605, 1102, 1102,0.330359, 0.399776
562, 505, 1066, 1066,0.350322, 0.316659
514, 385, 898, 898,0.228827, 0.170615
387, 496, 882, 882,0.166256, 0.214322
663, 483, 1145, 1145,0.472499, 0.34344
494, 457, 950, 950,0.247484, 0.227657
353, 560, 912, 912,0.162739, 0.252455
628, 550, 1177, 1177,0.465967, 0.41279
370, 636, 1005, 1005,0.205784, 0.351526
476, 401, 876, 876,0.202086, 0.170487
556, 375, 930, 930,0.266291, 0.179981
610, 558, 1167, 1167,0.448989, 0.409872
388, 485, 872, 872,0.166665, 0.205872
646, 629, 1274, 1274,0.564551, 0.546997
499, 342, 840, 840,0.198465, 0.135414
464, 436, 899, 899,0.20777, 0.194273
339, 569, 907, 907,0.15337, 0.259999
494, 343, 836, 836,0.196043, 0.136013
560, 589, 1148, 1148,0.400311, 0.420864
450, 412, 861, 861,0.184468, 0.169408
379, 663, 1041, 1041,0.225071, 0.391257
647, 644, 1290, 1290,0.576994, 0.573711
599, 423, 1021, 1021,0.341482, 0.242907
374, 336, 709, 709,0.109135, 0.0982673
451, 519, 969, 969,0.233772, 0.278274
348, 606, 953, 953,0.201255, 0.310636
647, 441, 1087, 1087,0.424988, 0.289586
351, 446, 796, 796,0.12707, 0.159634
595, 513, 1107, 1107,0.397054, 0.343092
468, 388, 855, 855,0.191958, 0.159684
426, 595, 1020, 1020,0.243361, 0.339471
573, 405, 977, 977,0.328055, 0.213994
370, 470, 839, 839,0.146672, 0.186051
662, 380, 1041, 1041,0.390769, 0.226524
475, 576, 1050, 1050,0.295221, 0.36491
443, 432, 874, 874,0.188243, 0.183827
583, 398, 980, 980,0.309985, 0.211262
490, 473, 962, 962,0.25066, 0.242751
421, 475, 895, 895,0.185535, 0.20825
371, 417, 787, 787,0.130171, 0.144835
472, 413, 884, 884,0.206646, 0.179976
472, 459, 930, 930,0.221973, 0.21765
371, 624, 994, 994,0.202071, 0.337647
368, 348, 715, 715,0.107582, 0.101504
467, 493, 959, 959,0.233974, 0.247655
438, 450, 887, 887,0.192067, 0.198035
482, 378, 859, 859,0.19808, 0.154605
419, 455, 873, 873,0.178704, 0.192807
590, 386, 975, 975,0.308007, 0.202499
587, 633, 1219, 1219,0.47042, 0.506882
408, 396, 803, 803,0.14811, 0.143927
653, 569, 1221, 1221,0.527322, 0.462407
529, 632, 1160, 1160,0.387064, 0.458852
521, 473, 993, 993,0.280711, 0.253666
411, 495, 905, 905,0.189674, 0.226026
481, 523, 1003, 1003,0.266673, 0.288085
437, 441, 877, 877,0.185193, 0.187524
569, 551, 1119, 1119,0.384582, 0.373416
506, 507, 1012, 1012,0.286217, 0.286946
557, 579, 1135, 1135,0.389263, 0.403124
464, 494, 957, 957,0.233559, 0.247479
383, 416, 798, 798,0.136747, 0.148609
437, 398, 834, 834,0.167725, 0.153771
384, 649, 1032, 1032,0.225943, 0.379556
459, 388, 846, 846,0.182023, 0.15523
371, 529, 899, 899,0.169175, 0.236911
664, 422, 1085, 1085,0.42277, 0.272745
420, 404, 823, 823,0.159124, 0.155036
540, 387, 926, 926,0.253143, 0.181574
577, 550, 1126, 1126,0.397792, 0.380432
471, 347, 817, 817,0.174659, 0.127946
530, 348, 877, 877,0.226283, 0.149598
541, 467, 1007, 1007,0.298921, 0.259095
414, 460, 873, 873,0.177559, 0.196447
387, 580, 966, 966,0.200037, 0.299473
531, 584, 1114, 1114,0.35769, 0.395576
433, 652, 1084, 1084,0.276324, 0.414743
367, 573, 939, 939,0.1795, 0.27902
386, 429, 814, 814,0.140985, 0.1575
406, 388, 793, 793,0.143909, 0.137591
475, 370, 844, 844,0.188427, 0.147119
535, 416, 950, 950,0.265412, 0.207353
411, 427, 837, 837,0.162179, 0.167474
587, 396, 982, 982,0.309887, 0.211131
438, 388, 825, 825,0.166644, 0.148864
582, 433, 1014, 1014,0.324622, 0.243582
452, 640, 1091, 1091,0.296545, 0.415225
429, 547, 975, 975,0.223041, 0.285286
570, 639, 1208, 1208,0.449572, 0.502747
451, 567, 1017, 1017,0.257975, 0.32177
627, 465, 1091, 1091,0.408328, 0.302638
398, 599, 996, 996,0.22217, 0.3294
369, 482, 850, 850,0.147856, 0.193954
478, 516, 993, 993,0.256208, 0.275766
599, 509, 1107, 1107,0.398879, 0.340391
662, 569, 1230, 1230,0.536135, 0.461334
505, 334, 838, 838,0.197703, 0.133259
533, 567, 1099, 1099,0.353004, 0.373049
472, 339, 810, 810,0.172659, 0.126093
371, 432, 802, 802,0.134834, 0.154122
406, 438, 843, 843,0.162238, 0.173387
407, 463, 869, 869,0.172321, 0.196787
383, 448, 830, 830,0.146792, 0.171735
371, 348, 718, 718,0.108692, 0.10272
473, 446, 918, 918,0.219837, 0.207782
537, 472, 1008, 1008,0.299331, 0.263504
565, 428, 992, 992,0.302539, 0.228445
574, 388, 961, 961,0.286454, 0.196371
567, 451, 1017, 1017,0.321514, 0.255917
500, 459, 958, 958,0.249256, 0.230147
617, 433, 1049, 1049,0.366576, 0.261466
618, 397, 1014, 1014,0.352321, 0.224488
624, 338, 961, 961,0.310332, 0.169846
647, 511, 1157, 1157,0.471785, 0.372388
394, 473, 866, 866,0.166087, 0.195506
469, 633, 1101, 1101,0.310048, 0.416104
458, 462, 919, 919,0.212645, 0.213437
629, 450, 1078, 1078,0.399512, 0.286671
599, 338, 936, 936,0.291274, 0.164829
574, 425, 998, 998,0.315334, 0.23293
383, 476, 858, 858,0.157634, 0.194284
663, 422, 1084, 1084,0.423698, 0.273377
463, 654, 1116, 1116,0.328541, 0.442354
459, 472, 930, 930,0.217479, 0.221792
530, 363, 892, 892,0.234762, 0.160583
641, 662, 1302, 1302,0.581669, 0.60156
417, 442, 858, 858,0.169432, 0.181066
429, 565, 993, 993,0.230408, 0.302914
381, 626, 1006, 1006,0.213303, 0.347408
387, 343, 729, 729,0.116933, 0.104548
388, 568, 955, 955,0.194299, 0.283829
410, 419, 828, 828,0.155533, 0.159211
378, 467, 844, 844,0.149609, 0.184345
484, 626, 1109, 1109,0.327436, 0.421059
616, 421, 1036, 1036,0.357881, 0.247026
628, 348, 975, 975,0.327398, 0.18383
363, 613, 975, 975,0.191116, 0.317414
364, 663, 1026, 1026,0.212867, 0.381788
603, 397, 999, 999,0.331254, 0.218112
475, 592, 1066, 1066,0.296139, 0.366951
577, 387, 963, 963,0.296586, 0.197924
606, 399, 1004, 1004,0.334964, 0.223308
495, 509, 1003, 1003,0.274561, 0.281443
592, 483, 1074, 1074,0.372346, 0.30602
466, 482, 947, 947,0.230565, 0.237104
631, 642, 1272, 1272,0.549277, 0.559794
370, 396, 765, 765,0.121621, 0.129786
539, 337, 875, 875,0.229813, 0.146302
394, 622, 1015, 1015,0.224994, 0.353041
459, 438, 896, 896,0.201026, 0.192976
550, 380, 929, 929,0.257375, 0.178336
411, 384, 794, 794,0.144352, 0.136707
542, 578, 1119, 1119,0.367972, 0.390968
467, 350, 816, 816,0.171414, 0.128636
419, 380, 798, 798,0.149195, 0.134924
374, 595, 968, 968,0.195707, 0.323015
488, 578, 1065, 1065,0.308122, 0.366632
390, 343, 732, 732,0.141037, 0.163088
519, 653, 1171, 1171,0.393745, 0.495099
649, 436, 1084, 1084,0.41973, 0.280434
595, 358, 952, 952,0.30276, 0.182071
472, 459, 930, 930,0.229737, 0.222386
478, 603, 1080, 1080,0.310769, 0.387859
454, 633, 1086, 1086,0.295182, 0.40731
649, 388, 1036, 1036,0.385329, 0.233071
456, 561, 1016, 1016,0.262409, 0.321231
380, 558, 937, 937,0.249946, 0.288276
542, 628, 1169, 1169,0.454236, 0.514547
497, 665, 1161, 1161,0.369999, 0.497617
448, 444, 891, 891,0.197659, 0.197172
484, 577, 1060, 1060,0.30225, 0.361087
662, 646, 1307, 1307,0.610567, 0.597417
488, 493, 980, 980,0.262408, 0.266162
442, 393, 834, 834,0.171949, 0.153591
556, 488, 1043, 1043,0.337848, 0.296355
621, 628, 1248, 1248,0.524135, 0.525035
465, 422, 886, 886,0.207328, 0.188368
371, 405, 775, 775,0.129225, 0.139063
342, 583, 924, 924,0.161976, 0.275612
443, 597, 1039, 1039,0.263075, 0.354477
626, 372, 997, 997,0.346772, 0.208377
358, 576, 933, 933,0.177498, 0.280246
371, 420, 790, 790,0.131778, 0.149372
358, 653, 1010, 1010,0.20288, 0.370265
408, 633, 1040, 1040,0.241947, 0.37631
640, 616, 1255, 1255,0.548947, 0.533032
598, 432, 1029, 1029,0.354381, 0.258951
572, 361, 932, 932,0.283671, 0.179809
599, 352, 950, 950,0.30236, 0.177904
406, 434, 839, 839,0.166234, 0.178939
383, 372, 754, 754,0.124605, 0.122305
557, 666, 1222, 1222,0.464905, 0.559414
370, 581, 950, 950,0.187581, 0.309212
613, 523, 1135, 1135,0.517856, 0.459085
563, 433, 995, 995,0.323846, 0.240694
550, 427, 976, 976,0.28872, 0.226063
342, 385, 726, 726,0.10613, 0.118342
469, 351, 819, 819,0.179681, 0.134805
389, 650, 1038, 1038,0.233017, 0.389534
371, 419, 789, 789,0.135416, 0.150043
658, 649, 1306, 1306,0.610204, 0.601321
384, 395, 778, 778,0.134062, 0.137916
371, 353, 723, 723,0.111964, 0.106713
408, 446, 853, 853,0.16891, 0.18969
373, 404, 776, 776,0.129227, 0.138073
499, 615, 1113, 1113,0.341506, 0.414165
658, 563, 1220, 1220,0.537068, 0.461386
352, 383, 734, 734,0.108183, 0.117783
629, 599, 1227, 1227,0.518143, 0.491956
478, 586, 1063, 1063,0.299442, 0.366351
502, 432, 933, 933,0.246767, 0.212263
361, 379, 739, 739,0.113999, 0.121406
493, 604, 1096, 1096,0.330947, 0.403955
386, 458, 843, 843,0.154368, 0.18565
371, 569, 939, 939,0.184888, 0.281539
558, 499, 1056, 1056,0.341316, 0.305272
384, 554, 937, 937,0.189679, 0.276738
421, 578, 998, 998,0.2337, 0.320026
530, 387, 916, 916,0.250782, 0.234861
338, 401, 738, 738,0.104885, 0.126516
539, 391, 929, 929,0.255249, 0.186783
346, 535, 880, 880,0.151088, 0.229822
471, 422, 892, 892,0.209381, 0.187606
344, 507, 850, 850,0.142433, 0.210012
419, 642, 1060, 1060,0.262481, 0.400333
569, 571, 1139, 1139,0.404109, 0.413381
464, 610, 1073, 1073,0.296032, 0.384707
348, 576, 923, 923,0.166008, 0.271558
433, 357, 789, 789,0.154182, 0.127392
548, 352, 899, 899,0.248548, 0.162886
658, 514, 1171, 1171,0.493797, 0.387442
439, 376, 814, 814,0.165168, 0.140563
527, 565, 1091, 1091,0.345657, 0.372325
537, 407, 943, 943,0.267481, 0.200105
337, 388, 724, 724,0.104331, 0.119354
405, 351, 755, 755,0.132795, 0.118268
361, 628, 988, 988,0.196523, 0.338971
552, 348, 899, 899,0.250013, 0.159591
505, 583, 1087, 1087,0.326596, 0.380506
589, 595, 1183, 1183,0.447899, 0.454281
348, 394, 741, 741,0.110449, 0.126004
347, 454, 800, 800,0.123792, 0.163146
370, 642, 1011, 1011,0.212208, 0.364046
393, 371, 763, 763,0.131221, 0.122334
406, 337, 742, 742,0.129487, 0.107177
654, 335, 988, 988,0.356221, 0.18329
565, 645, 1209, 1209,0.452258, 0.513162
446, 606, 1051, 1051,0.272052, 0.368082
487, 380, 866, 866,0.207568, 0.1621
446, 410, 855, 855,0.185735, 0.172921
640, 537, 1176, 1176,0.485691, 0.410011
421, 529, 949, 949,0.215011, 0.26609
384, 589, 972, 972,0.204958, 0.31165
476, 653, 1128, 1128,0.333731, 0.45995
417, 395, 811, 811,0.156163, 0.149959
377, 382, 758, 758,0.124793, 0.127251
625, 342, 966, 966,0.32845, 0.17888
394, 639, 1032, 1032,0.232096, 0.37646
507, 343, 849, 849,0.205518, 0.138822
589, 535, 1123, 1123,0.435414, 0.379609
476, 397, 872, 872,0.205169, 0.173149
429, 467, 895, 895,0.199492, 0.218499
347, 496, 842, 842,0.147312, 0.202815
472, 363, 834, 834,0.185484, 0.143404
589, 658, 1246, 1246,0.492804, 0.548155
395, 541, 935, 935,0.192813, 0.331335
582, 388, 969, 969,0.304723, 0.203344
386, 544, 929, 929,0.18347, 0.255218
465, 358, 822, 822,0.179094, 0.137579
444, 499, 942, 942,0.218843, 0.247366
371, 615, 985, 985,0.199122, 0.326491
474, 621, 1094, 1094,0.314031, 0.41123
429, 412, 840, 840,0.17159, 0.165078
493, 482, 974, 974,0.260153, 0.253147
391, 395, 785, 785,0.135745, 0.138155
543, 397, 939, 939,0.267538, 0.197206
450, 624, 1073, 1073,0.283812, 0.389562
404, 628, 1031, 1031,0.241746, 0.368998
433, 449, 881, 881,0.185266, 0.192028
617, 472, 1088, 1088,0.396358, 0.305845
